,Name,City,Country,Arena,Capactity,Logo URL,Division,City,State,,,,,,,,,,,,,,,,,,,,
Team,Hawks,Atlanta,USA,Philips Arena,18118,https://raw.githubusercontent.com/timaboderin/NBA_Logos/master/Hawks.png,Southeast,Atlanta,Georgia,,,,,,,,,,,,,,,,,,,,
Team,Celtics,Boston,USA,TD Garden,18624,https://raw.githubusercontent.com/timaboderin/NBA_Logos/master/Celtics.png,Atlantic,Boston,Massachusetts,,,,,,,,,,,,,,,,,,,,
Team,Nets,Brooklyn,USA,Barclays Center,17732,https://raw.githubusercontent.com/timaboderin/NBA_Logos/master/Nets.png,Atlantic,Brooklyn,New York,,,,,,,,,,,,,,,,,,,,
Team,Hornets,Charlotte,USA,Spectrum Center,19077,https://raw.githubusercontent.com/timaboderin/NBA_Logos/master/Hornets.png,Southeast,Charlotte,North Carolina,,,,,,,,,,,,,,,,,,,,
Team,Bulls,Chicago,USA,United Center,20917,https://raw.githubusercontent.com/timaboderin/NBA_Logos/master/Bulls.png,Central,Chicago,Illinois,,,,,,,,,,,,,,,,,,,,
Team,Cavaliers,Cleveland,USA,Quicken Loans Arena,20562,https://raw.githubusercontent.com/timaboderin/NBA_Logos/master/Cavs.png,Central,Cleveland,Ohio,,,,,,,,,,,,,,,,,,,,
Team,Mavericks,Dallas,USA,American Airlines Center,19200,https://raw.githubusercontent.com/timaboderin/NBA_Logos/master/Mavs.png,Southwest,Dallas,Texas,,,,,,,,,,,,,,,,,,,,
Team,Nuggets,Denver,USA,Pepsi Center,19520,https://raw.githubusercontent.com/timaboderin/NBA_Logos/master/Nuggets.png,Northwest,Denver,Colorado,,,,,,,,,,,,,,,,,,,,
Team,Pistons,Detroit,USA,Little Caesars Arena,20491,https://raw.githubusercontent.com/timaboderin/NBA_Logos/master/Pistons.png,Central,Detroit,Michigan,,,,,,,,,,,,,,,,,,,,
Team,Warriors,Golden State,USA,Oracle Arena,19596,https://raw.githubusercontent.com/timaboderin/NBA_Logos/master/Warriors.png,Pacific,Oakland,California,,,,,,,,,,,,,,,,,,,,
Team,Rockets,Houston,USA,Toyota Center,18055,https://raw.githubusercontent.com/timaboderin/NBA_Logos/master/Rockets.png,Southwest,Houston,Texas,,,,,,,,,,,,,,,,,,,,
Team,Pacers,Indiana,USA,Bankers Life Fieldhouse,17923,https://raw.githubusercontent.com/timaboderin/NBA_Logos/master/Pacers.png,Central,Indianapolis,Indiana,,,,,,,,,,,,,,,,,,,,
Team,Clippers,Los Angeles,USA,Staples Center,19060,https://raw.githubusercontent.com/timaboderin/NBA_Logos/master/Clippers.png,Pacific,Los Angeles,California,,,,,,,,,,,,,,,,,,,,
Team,Lakers,Los Angeles,USA,Staples Center,18997,https://raw.githubusercontent.com/timaboderin/NBA_Logos/master/Lakers.png,Pacific,Los Angeles,California,,,,,,,,,,,,,,,,,,,,
Team,Grizzlies,Memphis,USA,FedExForum,18119,https://raw.githubusercontent.com/timaboderin/NBA_Logos/master/Griz.png,Southwest,Memphis,Tennessee,,,,,,,,,,,,,,,,,,,,
Team,Heat,Miami,USA,American Airlines Arena,19600,https://raw.githubusercontent.com/timaboderin/NBA_Logos/master/Heat.png,Southeast,Miami,Florida,,,,,,,,,,,,,,,,,,,,
Team,Bucks,Milwaukee,USA,Wisconsin Entertainment and Sports Center,17500,https://raw.githubusercontent.com/timaboderin/NBA_Logos/master/Bucks.png,Central,Milwaukee,Wisconsin,,,,,,,,,,,,,,,,,,,,
Team,Timberwolves,Minnesota,USA,Target Center,18798,https://raw.githubusercontent.com/timaboderin/NBA_Logos/master/TWolves.png,Northwest,Minneapolis,Minnesota,,,,,,,,,,,,,,,,,,,,
Team,Pelicans,New Orleans,USA,Smoothie King Center,16867,https://raw.githubusercontent.com/timaboderin/NBA_Logos/master/Pelicans.png,Southwest,New Orleans,Louisiana,,,,,,,,,,,,,,,,,,,,
Team,Knicks,New York,USA,Madison Square Garden,19812,https://raw.githubusercontent.com/timaboderin/NBA_Logos/master/Knicks.png,Atlantic,New York,New York,,,,,,,,,,,,,,,,,,,,
Team,Thunder,Oklahoma City,USA,Chesapeake Energy Arena,18203,https://raw.githubusercontent.com/timaboderin/NBA_Logos/master/Thunder.png,Northwest,Oklahoma City,Oklahoma,,,,,,,,,,,,,,,,,,,,
Team,Magic,Orlando,USA,Amway Center,18846,https://raw.githubusercontent.com/timaboderin/NBA_Logos/master/Magic.png,Southeast,Orlando,Florida,,,,,,,,,,,,,,,,,,,,
Team,76ers,Philadelphia,USA,Wells Fargo Center,20478,https://raw.githubusercontent.com/timaboderin/NBA_Logos/master/6ers.png,Atlantic,Philadelphia,Pennsylvania,,,,,,,,,,,,,,,,,,,,
Team,Suns,Phoenix,USA,Talking Stick Resort Arena,18422,https://raw.githubusercontent.com/timaboderin/NBA_Logos/master/Suns.png,Pacific,Phoenix,Arizona,,,,,,,,,,,,,,,,,,,,
Team,Trail Blazers,Portland,USA,Moda Center,19393,https://raw.githubusercontent.com/timaboderin/NBA_Logos/master/Blazers.png,Northwest,Portland,Oregon,,,,,,,,,,,,,,,,,,,,
Team,Kings,Sacramento,USA,Golden 1 Center,17608,https://raw.githubusercontent.com/timaboderin/NBA_Logos/master/Kings.png,Pacific,Sacramento,California,,,,,,,,,,,,,,,,,,,,
Team,Spurs,San Antonio,USA,AT&T Center,18418,https://raw.githubusercontent.com/timaboderin/NBA_Logos/master/Spurs.png,Southwest,San Antonio,Texas,,,,,,,,,,,,,,,,,,,,
Team,Raptors,Toronto,Canada,Scotiabank Arena,19800,https://raw.githubusercontent.com/timaboderin/NBA_Logos/master/Raps.png,Atlantic,Toronto,Ontario,,,,,,,,,,,,,,,,,,,,
Team,Jazz,Utah,USA,Vivint Smart Home Arena,18306,https://raw.githubusercontent.com/timaboderin/NBA_Logos/master/Jazz.png,Northwest,Salt Lake City,Utah,,,,,,,,,,,,,,,,,,,,
Team,Wizards,Washington,USA,Capital One Arena,20356,https://raw.githubusercontent.com/timaboderin/NBA_Logos/master/Wizards.png,Southeast,Washincton,D.C,,,,,,,,,,,,,,,,,,,,
NewFranchiseLogo,,,,,,https://raw.githubusercontent.com/timaboderin/NBA_Logos/master/Sonics.png,,,,,,,,,,,,,,,,,,,,,,,
,,,,,,,,,,,,,,,,,,,,,,,,,,,,,
Type,FirstName,Last Name,Position,Age,Height,Weight,Team ID,Defence,TurnOvers,FTA,FTPerc,2PTA,2PTPerc,3PTA,ThreePerc,OffReb,Fame,DefReb,FastBreak,Assists,Personality,Potential,Steals,Blocks,Stamina,Trait,,,
// Atlanta Hawks,,,,,,,,,,,,,,,,,,,,,,,,,,,,,
,,,,,,,,,,,,,,,,,,,,,,,,,,,,,
players,Alex,Len,C,25,215.9,255,0,57,1.1,3.3,0.684,5.4,0.568,0,0.333,2.5,75,5,31,1.2,75,74,0.4,0.9,84,,,,
players,John,Collins,PF,20.8,208.28,235,0,65,1.4,2.5,0.715,7.8,0.598,3.5,0.34,2.4,65,4.9,35,1.3,75,77,0.6,1.1,90,SP,,,
players,Taurean,Prince,SF,23.9,200.66,210,0,53,2.3,2.2,0.844,6.3,0.461,5.6,0.385,0.6,65,4.1,55,2.6,75,71,1,0.5,100,,,,
players,Kent,Bazemore,SG,29,195.58,201,0,65,2.4,3.1,0.796,6.2,0.438,4.2,0.394,0.4,65,3.4,46,3.5,75,61,1.5,0.7,79,,,,
players,Trae,Young,PG,19.8,187.96,180,0,43,3.75,5.75,0.87,4,0.375,7.75,0.387,0.71,75,1.43,59,5.71,75,84,1.29,0.14,85,R,,,
players,Jeremy,Lin,PG,29.9,190.5,200,0,69,2.4,4,0.824,6.9,0.476,4.3,0.373,0.3,70,3.4,47,5.1,75,61,1.1,0.4,50,IH,,,
players,Dewayne,Dedmon,C,28.9,213.36,255,0,69,1.4,1.4,0.779,5.4,0.595,2.3,0.355,1.6,60,6.3,33,1.5,75,58,0.6,0.8,76,,,,
players,Miles,Plumlee,C,29.8,208.28,245,0,53,1.1,1.1,0.45,3.3,0.583,0,0,1.4,50,2.7,28,0.8,75,51,0.3,0.5,67,,,,
players,Tyler,Dorsey,SG,22.4,193.04,195,0,51,0.6,1.1,0.714,3.3,0.432,5.3,0.362,0.3,65,3,56,1.4,75,66,0.6,0.1,81,,,,
players,Justin,Anderson,SF,24.6,198.12,230,0,70,0.4,1,0.737,2.6,0.535,2.7,0.33,0.7,66,3,60,0.7,75,67,0.9,0.2,67,,,,
players,DeAndre',Bembry,SG,24,195.58,206,0,71,1.8,1.3,0.576,3.8,0.429,1.2,0.367,0.3,50,2.5,71,1.9,75,63,0.8,0.5,71,,,,
players,Kevin,Huerter,SG,19.8,200.66,190,0,59,3.5,2,0.758,4.2,0.51,5.1,0.389,1,50,4.1,42,2.1,75,71,0.3,0.35,74,R,,,
players,Omari,Spellman,PF,21,205.74,255,0,75,2.5,1.2,0.7,4.7,0.5,3.8,0.38,0.8,50,4.2,36,0.4,75,69,0.35,0.75,75,R,,,
players,Jaylen,Adams,PG,22.2,187.96,190,0,45,1,0.5,0.714,1.93,0.409,2.285,0.375,0.57,40,2.14,36,2.43,75,62,0.785,0.14,68,R,,,
,,,,,,,,,,,,,,,,,,,,,,,,,,,,,
// Boston Celtics,,,,,,,,,,,,,,,,,,,,,,,,,,,,,
,,,,,,,,,,,,,,,,,,,,,,,,,,,,,
players,Al,Horford,C,32.1,208.28,245,1,85,1.8,1.7,0.783,7.3,0.514,3.1,0.429,1.4,85,5.9,36,4.7,75,64,0.6,1.1,87,PT,,,
players,Jayson,Tatum,PF,20.7,203.2,205,1,85,1.4,3.2,0.826,7.4,0.492,3,0.434,0.6,85,4.4,54,1.6,75,87,1,0.7,98,EX,,,
players,Gordon,Hayward,SF,28.3,203.2,207,1,65,1.9,5.9,0.844,10,0.506,4.6,0.398,0.7,85,4.7,53,3.5,75,72,1,0.3,70,PT,,,
players,Jaylen,Brown,SG,21.7,200.66,222,1,77,1.8,3.3,0.644,7.1,0.507,4.4,0.395,0.9,80,4,64,1.6,75,83,1,0.4,85,EX,,,
players,Kyrie,Irving,PG,26.3,187.96,180,1,73,2.3,4.4,0.889,11.3,0.541,6.8,0.408,0.6,85,3.2,60,5.1,75,76,1.1,0.3,73,SP,,,
players,Marcus,Smart,PG,24.4,190.5,227,1,82,2.4,2.5,0.729,4.9,0.429,4.6,0.301,0.8,75,2.7,59,4.8,75,75,1.3,0.4,75,PT,,,
players,Terry,Rozier III,PG,24.3,185.42,190,1,81,1,1.9,0.772,5,0.41,5,0.381,0.8,75,3.9,47,2.9,75,75,1,0.2,98,,,,
players,Marcus,Morris,PF,28.8,205.74,235,1,77,1.2,2.9,0.805,7,0.467,4.3,0.368,0.8,75,5.7,57,1.3,75,66,0.8,0.2,85,,,,
players,Aron,Baynes,C,31.6,208.28,260,1,85,1,1,0.756,5.2,0.487,1.4,0.3,1.6,65,3.8,27,1.1,75,55,0.3,0.6,99,,,,
players,Semi,Ojeleye,PF,23.6,200.66,235,1,69,0.3,1.2,0.61,1.8,0.397,1.7,0.32,0.5,65,4.1,57,0.3,75,69,0.3,0.1,89,,,,
players,Daniel,Theis,PF,26.2,205.74,215,1,65,0.9,1.3,0.753,2.8,0.617,0.9,0.31,1.4,50,2.9,28,0.9,75,59,0.5,0.8,77,,,,
players,Robert,Williams,C,20.7,208.28,240,1,74,1.7,1.65,0.471,6.5,0.618,0.1,0,2.4,60,5.4,36,1,75,75,0.4,1.3,63,R,,,
players,Guerschon,Yabusele,PF,22.5,203.2,240,1,77,0.4,0.7,0.682,1.4,0.583,2.2,0.324,0.75,60,2.2,36,0.5,75,71,0.1,0.2,50,,,,
players,Brad,Wanamaker,PF,28.9,193.04,210,1,40,1.9,2.7,0.722,4.6,0.43,1.5,0.312,0.6,50,2,42,2.7,75,53,0.5,0.1,73,R,,,
,,,,,,,,,,,,,,,,,,,,,,,,,,,,,
// Brooklyn Nets,,,,,,,,,,,,,,,,,,,,,,,,,,,,,
,,,,,,,,,,,,,,,,,,,,,,,,,,,,,
players,Jarrett,Allen,C,20.2,208.28,235,2,65,1.5,2.5,0.776,6.8,0.621,0.2,0.333,2.5,65,6.4,29,0.7,75,78,0.4,1.2,88,,,,
players,Rondae,Hollis-Jefferson,PF,23.5,200.66,220,2,61,1.8,4.6,0.788,9.9,0.491,0.8,0.241,1.5,60,5.3,57,2.5,75,69,1,0.7,83,,,,
players,DeMarre,Carroll,SF,31.9,203.2,212,2,57,1.4,3.4,0.764,5.4,0.457,5.4,0.371,1.4,70,5.1,62,2,75,57,0.8,0.4,89,,,,
players,Allen,Crabbe,SG,26.2,198.12,210,2,49,1,1.8,0.852,3.9,0.461,7.1,0.378,0.4,65,3.9,46,1.6,75,66,0.6,0.5,91,EX,,,
players,D'Angelo,Russell,PG,22.4,195.58,180,2,53,3.1,2.7,0.74,8.2,0.477,5.8,0.324,0.6,80,3.3,52,5.2,75,81,0.8,0.4,60,SP,,,
players,Spencer,Dinwiddie,SG,25.2,198.12,205,2,49,1.6,3.4,0.813,5.1,0.452,5.4,0.326,0.5,70,2.7,41,6.6,75,71,0.9,0.3,98,CG,,,
players,Caris,LeVert,SG,23.9,200.66,205,2,57,2.2,2.6,0.711,6.9,0.48,3.5,0.347,0.7,60,2.9,51,4.2,75,68,1.2,0.3,87,,,,
players,Joe,Harris,SG,26.8,198.12,215,2,45,1.2,1.3,0.827,3.4,0.589,4.6,0.419,0.7,60,2.7,43,1.6,75,62,0.4,0.3,95,,,,
players,Ed,Davis,C,29.1,208.28,225,2,85,0.8,1.4,0.667,3.7,0.584,0,0,2.3,65,5,27,0.5,75,60,0.4,0.7,95,,,,
players,Shabazz,Napier,PG,27,185.42,175,2,63,1.2,1.9,0.841,4.2,0.45,2.9,0.376,0.4,65,1.9,38,2,75,65,1.1,0.2,90,,,,
players,Kenneth,Faried,PF,28.6,203.2,228,2,57,0.9,2.6,0.696,6,0.546,0.1,0,2.7,60,3.9,36,0.8,75,59,0.6,0.6,75,,,,
players,Treveon,Graham,SG,24.7,198.12,220,2,49,0.4,0.9,0.695,2,0.452,1.5,0.412,0.7,55,1.3,33,0.9,75,64,0.5,0,77,,,,
players,Dzanan,Musa,SF,19.2,205.74,195,2,63,1.38,1.87,0.756,2.71,0.569,2.29,0.364,0.44,50,2.75,36,0.88,75,73,0.69,0.25,73,R,,,
players,Rodions,Kurucs,SF,20.4,205.74,210,2,60,1.35,0.75,0.769,3.15,0.522,2.16,0.328,0.46,50,1.35,36,1,75,70,1.19,0.54,73,R,,,
,,,,,,,,,,,,,,,,,,,,,,,,,,,,,
// Charlotte Hornets,,,,,,,,,,,,,,,,,,,,,,,,,,,,,
,,,,,,,,,,,,,,,,,,,,,,,,,,,,,
players,Cody,Zeller,C,25.7,213.36,240,3,65,1,3,0.69,6.3,0.565,0,0.5,2.1,65,4,31,1.4,75,67,0.8,0.8,50,,,,
players,Marvin,Williams,PF,32,205.74,230,3,62,0.8,1.6,0.829,3.3,0.512,3.9,0.413,0.9,75,5,47,1.2,75,55,0.7,0.5,95,,,,
players,Michael,Kidd-Gilchrist,SF,24.8,200.66,232,3,72,0.7,2.3,0.684,7.5,0.505,0,0,1.1,65,2.9,60,1,75,69,1,0.4,90,,,,
players,Nicolas,Batum,SG,29.5,203.2,200,3,63,2,2,0.831,5.9,0.473,4.3,0.336,0.9,70,3.9,44,5.5,75,62,1,0.4,85,IH,,,
players,Kemba,Walker,PG,28.2,185.42,172,3,53,2.2,5.3,0.864,9.5,0.469,7.5,0.384,0.4,80,2.7,63,5.6,75,70,1.1,0.3,98,HH,,,
players,Frank,Kaminsky III,C,25.2,213.36,242,3,53,0.8,2.5,0.799,5.6,0.459,3.5,0.38,0.6,65,3.1,36,1.6,75,68,0.5,0.2,96,,,,
players,Jeremy,Lamb,SG,26.1,195.58,180,3,61,1.2,2.6,0.861,7.2,0.495,3.2,0.37,0.6,60,3.4,42,2.3,75,64,0.8,0.4,98,,,,
players,Tony,Parker,PG,36.1,187.96,180,3,61,1.2,1.4,0.705,6.4,0.479,0.7,0.27,0.1,80,1.6,37,3.5,75,54,0.5,0,67,HF,,,
players,Bismack,Biyombo,C,25.8,205.74,229,3,69,1,1.9,0.65,4.3,0.521,0,0,1.8,60,4,28,0.8,75,64,0.3,1.2,100,,,,
players,Malik,Monk,SG,20.4,190.5,200,3,49,1.2,0.8,0.842,3.2,0.41,4.2,0.37,0.1,60,1.2,40,1.7,75,75,0.3,0.1,77,,,,
players,Miles,Bridges,SF,20.3,200.66,225,3,75,2.2,2.4,0.776,5.775,0.537,4.275,0.375,0.9,50,4,59,2.1,75,75,0.3,0.4,83,R,,,
players,Dwayne,Bacon,SF,22.8,200.66,220,3,53,0.8,1,0.8,5.6,0.409,1.6,0.256,0.1,55,2.3,33,0.7,75,68,0.3,0,65,,,,
players,Willy,Hernangomez,C,24.1,210.82,255,3,73,1.1,1.8,0.698,5,0.545,0.2,0.333,1.9,55,5.8,28,1.1,75,65,0.5,0.4,65,,,,
players,Devonte',Graham,PG,23.4,187.96,186,3,52,3,2.6,0.827,2.9,0.382,3.45,0.385,0.6,60,3.4,47,4.2,75,69,0.8,0.05,95,R,,,
players,Arnoldas,Kulboka,SF,20.5,208.28,220,3,31,1.38,0.9,0.864,1.535,0.414,2.2,0.374,0.49,40,3.53,36,0.82,75,65,0.87,0.18,73,R,,,
,,,,,,,,,,,,,,,,,,,,,,,,,,,,,
// Chicago Bulls,,,,,,,,,,,,,,,,,,,,,,,,,,,,,
,,,,,,,,,,,,,,,,,,,,,,,,,,,,,
players,Robin,Lopez,C,30.3,213.36,255,4,46,1.7,1.4,0.756,9.9,0.536,0.2,0.286,2.1,70,4.8,29,1.9,75,60,0.2,1.3,85,,,,
players,Lauri,Markkanen,PF,21.1,213.36,230,4,57,1.2,2.4,0.843,6.8,0.497,5.9,0.362,1.2,70,6.3,47,1.2,75,79,0.6,0.6,83,IH,,,
players,Jabari,Parker,SF,23.3,203.2,241,4,51,1.7,3.3,0.743,10.8,0.522,3.2,0.371,1.5,75,4.2,52,2.5,75,77,0.9,0.4,50,HH,,,
players,Zach,LaVine,SG,23.4,195.58,185,4,53,1.8,4.5,0.813,9.7,0.405,5.1,0.341,0.4,80,3.5,59,3,75,79,1,0.2,50,SP,,,
players,Kris,Dunn,PG,24.3,193.04,205,4,69,2.9,2.2,0.73,10.2,0.457,2.6,0.321,0.5,70,3.8,52,6,75,72,2,0.5,63,,,,
players,Denzel,Valentine,SF,24.6,198.12,223,4,53,1.3,0.7,0.745,4.6,0.45,4.8,0.386,0.6,60,4.5,47,3.2,75,67,0.8,0.1,93,,,,
players,Bobby,Portis,PF,23.4,210.82,242,4,57,1.4,2.1,0.769,8.1,0.514,3.1,0.359,2.2,65,4.6,49,1.7,75,72,0.7,0.3,89,,,,
players,Justin,Holiday,SG,29.2,198.12,185,4,53,1.3,2.3,0.823,4.6,0.387,6.2,0.359,0.4,65,3.6,46,2.1,75,60,1.1,0.4,88,,,,
players,Wendell,Carter Jr.,C,19.2,208.28,260,4,89,1.2,4.6,0.696,8.4,0.571,1.4,0.429,3,65,6.4,39,1.6,75,80,0.8,1.3,90,R,,,
players,Cristiano,Felicio,C,26,208.28,275,4,45,1,1.5,0.667,3.9,0.596,0,0,1.5,60,2.7,32,1,75,64,0.3,0.2,67,,,,
players,Cameron,Payne,PG,23.9,187.96,180,4,53,1.4,0.6,0.75,5,0.419,3.6,0.385,0.7,60,2,46,4.5,75,68,1,0.4,50,,,,
players,Chandler,Hutchison,SF,22.2,200.66,195,4,62,3.4,3.6,0.728,4.9,0.523,2.05,0.359,0.9,50,3.4,40,3,75,67,0.75,0.15,70,R,,,
players,Antonio,Blakeney,SG,21.8,193.04,197,4,55,0.6,2.1,0.769,4.8,0.418,2.7,0.288,0.2,50,1.5,52,1.1,75,67,0.4,0.1,65,,,,
players,Omer,Asik,C,32,213.36,255,4,57,0.5,0.7,0.308,1.2,0.409,0,0,0.5,60,2.1,25,0.2,75,52,0.1,0.2,50,IH,,,
,,,,,,,,,,,,,,,,,,,,,,,,,,,,,
// Cleveland Cavaliers,,,,,,,,,,,,,,,,,,,,,,,,,,,,,
,,,,,,,,,,,,,,,,,,,,,,,,,,,,,
players,Tristan,Thompson,C,27.3,203.2,225,5,49,0.8,2.2,0.51,5.1,0.589,0,0,3.1,75,5,32,0.8,75,69,0.4,0.8,65,HH,,,
players,Kevin,Love,PF,29.8,208.28,260,5,61,1.5,4.5,0.88,6.8,0.494,5.6,0.415,1.7,80,7.5,49,1.7,75,66,0.7,0.4,72,,,,
players,Kyle,Korver,SF,37.3,200.66,210,5,41,0.8,1,0.889,1.5,0.537,5.2,0.436,0.1,70,2.1,36,1.2,75,46,0.4,0.4,89,,,,
players,J.R.,Smith,SG,32.8,198.12,220,5,65,1,0.7,0.696,2.7,0.453,4.8,0.375,0.4,80,4.2,50,1.8,75,60,1.1,0.1,98,HH,,,
players,George,Hill,PG,32.2,187.96,180,5,45,1.5,2.9,0.795,5.9,0.508,3.8,0.409,0.6,70,2.4,44,3.4,75,57,1,0.3,82,,,,
players,Jordan,Clarkson,PG,26.1,195.58,186,5,40,1.6,2.3,0.8,7.9,0.5,3.9,0.352,0.7,60,2,40,2.7,75,69,0.7,0.1,70,,,,
players,Larry,Nance Jr.,C,25.5,203.2,235,5,81,0.8,2.1,0.664,6.1,0.594,0.2,0.167,2.4,70,4.4,34,1.2,75,70,1.3,0.6,80,SP,,,
players,Collin,Sexton,PG,19.5,190.5,190,5,76,3.3,6.67,0.75,13.33,0.463,1.67,0.2,0.5,75,3.17,81,3.67,75,85,0.67,0.17,80,R,,,
players,Channing,Frye,PF,35.1,210.82,248,5,53,0.4,0.4,0.895,2.8,0.67,2.2,0.339,0.2,65,2.3,28,0.7,75,48,0.3,0.2,64,,,,
players,Okaro,White,SF,25.9,203.2,205,5,57,0.2,0.5,0.88,0.8,0.6,1.8,0.364,0.5,50,1.3,34,0.3,75,59,0.2,0.2,50,,,,
players,Cedi,Osman,SF,23.2,198.12,190,5,57,0.5,0.8,0.565,3.2,0.586,2.8,0.368,0.3,60,1.7,57,0.7,75,70,0.4,0,81,,,,
players,Ante,Zizic,C,21.5,210.82,254,5,68,0.3,0.9,0.724,2.1,0.731,0,0,0.8,55,4.8,35,0.2,75,71,0.1,0.4,78,,,,
players,John,Holland,SG,29.7,195.58,205,5,49,0.3,0.5,0.692,1,0.333,1.5,0.4,0.3,50,0.8,42,0.2,75,52,0.3,0.1,65,,,,
players,Billy,Preston,PF,20.7,208.28,240,5,45,0.67,2,0.833,4.5,0.425,1.5,0.3,1,40,3,36,0.5,75,65,0.335,0.333,61,R,,,
,,,,,,,,,,,,,,,,,,,,,,,,,,,,,
// Dallas Mavericks,,,,,,,,,,,,,,,,,,,,,,,,,,,,,
,,,,,,,,,,,,,,,,,,,,,,,,,,,,,
players,DeAndre,Jordan,C,29.9,210.82,250,6,77,1.8,4.1,0.58,7.5,0.645,0,0,4.3,80,10.9,36,1.5,75,66,0.5,0.9,94,SP,,,
players,Dirk,Nowitzki,PF,40,213.36,245,6,65,0.7,1.4,0.898,5.5,0.494,4.4,0.409,0.3,85,5.4,34,1.6,75,49,0.6,0.6,94,HF,,,
players,Harrison,Barnes,SF,26.1,203.2,225,6,53,1.5,4.1,0.827,11.4,0.478,4.3,0.357,1,80,5.1,40,2,75,74,0.6,0.2,94,PT,,,
players,Luka,Doncic,SG,19.3,200.66,195,6,50,2.18,4.88,0.789,5.07,0.58,4.77,0.31,0.95,80,4.36,59,4.52,75,87,1.11,0.37,93,R,,,
players,Dennis,Smith Jr.,PG,20.6,187.96,195,6,57,2.8,2.8,0.694,9.9,0.436,4.9,0.313,0.7,75,3,60,5.2,75,82,1,0.3,84,SP,,,
players,Dwight,Powell,C,27,210.82,234,6,69,0.7,2.3,0.719,4.4,0.656,1.1,0.333,1.7,60,3.9,31,1.2,75,62,0.8,0.4,96,,,,
players,Wesley,Matthews,SG,31.7,195.58,220,6,53,1.3,1.6,0.822,4.7,0.441,6.4,0.381,0.4,65,2.7,40,2.7,75,55,1.2,0.3,77,,,,
players,J.J.,Barea,PG,34,182.88,175,6,49,2.1,1.5,0.784,5.5,0.499,4.5,0.367,0.2,65,2.5,45,6.3,75,51,0.5,0,84,,,,
players,Dorian,Finney-Smith,SF,25.2,203.2,215,6,53,1,0.7,0.733,2.6,0.481,3.2,0.299,1,55,2.5,36,1.2,75,63,0.5,0.2,50,,,,
players,Maxi,Kleber,PF,26.4,208.28,220,6,61,0.4,0.8,0.746,2.5,0.613,1.8,0.313,1,70,2.3,41,0.7,75,61,0.4,0.7,88,,,,
players,Johnathan,Motley,PF,23.2,208.28,230,6,57,0.8,2.5,0.536,6.3,0.565,0.5,0.167,1.3,55,3.2,35,0.6,75,67,0.3,0.2,65,,,,
players,Jalen,Brunson,PG,21.8,187.96,200,6,55,3.6,2.05,0.802,3.85,0.521,2.65,0.375,0.3,60,2.8,47,4.6,75,75,0.45,0,82,R,,,
players,Salah,Mejri,C,32,218.44,245,6,89,0.6,1.1,0.576,2.2,0.657,0,0,1.4,60,2.6,28,0.6,75,52,0.4,1.1,74,,,,
players,Ray,Spalding,PF,21.3,208.28,215,6,60,2.3,1.07,0.64,2.93,0.56,0.17,0.225,2.1,30,4.2,36,0.7,75,68,0.75,0.85,70,R,,,
players,Kostas,Antetokounmpo,SF,20.1,208.28,195,6,50,1.3,2.2,0.516,3,0.601,0.5,0.133,0.8,65,2,36,0.4,75,78,0.2,1.1,71,R,,,
,,,,,,,,,,,,,,,,,,,,,,,,,,,,,
// Denver Nuggets,,,,,,,,,,,,,,,,,,,,,,,,,,,,,
,,,,,,,,,,,,,,,,,,,,,,,,,,,,,
players,Nikola,Jokic,C,23.4,210.82,253,7,69,2.8,4.2,0.85,9.7,0.538,3.7,0.396,2.6,85,8.1,38,6.1,75,82,1.2,0.8,91,IH,,,
players,Paul,Millsap,PF,33.4,203.2,245,7,77,1.9,4.2,0.696,8.5,0.506,3,0.345,1.7,85,4.7,42,2.7,75,62,1,1.2,66,PT,,,
players,Will,Barton,SF,27.5,198.12,174,7,49,1.8,2.8,0.805,7.5,0.51,5.2,0.37,0.9,70,4.2,65,4.1,75,66,1,0.6,99,EX,,,
players,Gary,Harris,SG,23.8,195.58,205,7,70,1.8,2.4,0.827,7.7,0.553,5.9,0.396,0.6,75,2.1,60,2.9,75,76,1.8,0.2,82,,,,
players,Jamal,Murray,PG,21.4,195.58,201,7,45,2.1,3.1,0.905,7.7,0.502,5.4,0.378,1,75,2.7,50,3.4,75,81,1,0.3,99,SP,,,
players,Isaiah,Thomas,PG,29.4,175.26,185,7,40,1.5,4.1,0.893,7.3,0.45,5.9,0.36,0.5,80,1.6,70,4.8,75,67,0.5,0.1,70,EX,,,
players,Trey,Lyles,PF,22.7,208.28,235,7,57,0.8,2,0.697,4.5,0.563,3,0.381,0.8,60,4,35,1.2,75,71,0.4,0.5,89,,,,
players,Mason,Plumlee,C,28.3,208.28,235,7,69,1.4,2.4,0.456,5,0.602,0,0,1.8,60,3.6,33,1.9,75,59,0.7,1.1,90,,,,
players,Michael,Porter Jr.,SF,20,208.28,210,7,49,2,3,0.778,5.7,0.412,3.3,0.325,1.3,70,5.3,53,0.3,75,81,1,0.3,50,R,,,
players,Torrey,Craig,SG,27.6,198.12,215,7,49,0.5,0.9,0.629,2,0.57,1.5,0.293,1,55,2.2,60,0.6,75,58,0.3,0.4,80,,,,
players,Malik,Beasley,SG,21.6,193.04,189,7,45,0.4,0.5,0.698,1.5,0.489,1.3,0.341,0.2,55,0.9,35,0.5,75,70,0.2,0.1,76,,,,
players,Juan,Hernangomez,SF,22.8,205.74,225,7,45,0.5,1,0.761,1.6,0.515,1.9,0.368,0.7,55,2.1,32,0.5,75,68,0.4,0.2,60,,,,
players,Monte',Morris,PG,23,190.5,175,7,71,0.6,0.7,0.8,3.4,0.4,0.6,0.3,0,50,0.7,36,2.3,75,65,1,0,60,,,,
players,Jarred,Vanderbilt,SF,19.2,205.74,215,7,86,2.2,1.2,0.632,4.8,0.433,0.1,0.15,2.3,50,3.5,42,1,75,73,0.4,0.8,68,R,,,
players,Tyler,Lydon,PF,22.2,205.74,220,7,66,2.6,1.45,0.809,2.4,0.491,1.75,0.37,1,50,4.1,36,1.1,75,67,0.55,0.8,65,,,,
,,,,,,,,,,,,,,,,,,,,,,,,,,,,,
// Detroit Pistons,,,,,,,,,,,,,,,,,,,,,,,,,,,,,
,,,,,,,,,,,,,,,,,,,,,,,,,,,,,
players,Andre,Drummond,C,24.9,208.28,270,8,100,2.6,5.1,0.605,11.2,0.536,0.1,0,5.1,85,10.9,41,3,75,79,1.5,1.6,95,HH,,,
players,Blake,Griffin,PF,29.3,208.28,251,8,57,2.8,5.7,0.785,11.6,0.482,5.6,0.345,1.3,85,6.1,47,5.8,75,70,0.7,0.3,71,HH,,,
players,Stanley,Johnson,SF,22.1,200.66,245,8,69,1.1,2.1,0.772,4.7,0.439,3.4,0.286,0.5,65,3.2,53,1.6,75,74,1.4,0.2,84,,,,
players,Reggie,Bullock,SG,27.3,200.66,205,8,65,0.8,0.8,0.796,4.3,0.536,4.5,0.445,0.4,70,3,50,1.5,75,61,0.9,0.2,80,,,,
players,Reggie,Jackson,PG,28.2,190.5,208,8,57,2.2,3,0.836,9.1,0.475,3.8,0.308,0.6,77,2.1,62,5.3,75,65,0.9,0.1,71,SP,,,
players,Ish,Smith,PG,30,182.88,175,8,61,1.3,1.4,0.698,8.5,0.506,1.2,0.347,0.3,65,2.4,59,4.4,75,59,0.8,0.2,100,CG,,,
players,Luke,Kennard,SG,22,198.12,202,8,61,0.9,1,0.855,3.7,0.463,2.7,0.415,0.3,65,2.1,36,1.7,75,75,0.6,0.2,89,,,,
players,Jon,Leuer,PF,29.1,208.28,228,8,61,0.9,1.5,0.867,6.2,0.539,2,0.288,1.3,50,3.9,40,1.4,75,53,0.4,0.3,50,,,,
players,Zaza,Pachulia,C,34.4,210.82,240,8,77,1,1.3,0.806,3.8,0.567,0,0,1.3,75,5,33,1.6,75,50,0.7,0.7,85,,,,
players,Langston,Galloway,SG,26.6,187.96,202,8,61,0.3,0.7,0.805,2.1,0.418,3.8,0.344,0.2,50,1.4,34,1,75,58,0.6,0.1,71,,,,
players,Glenn,Robinson III,SF,24.5,200.66,211,8,63,0.5,0.9,0.724,2.9,0.496,1.7,0.396,0.7,75,2.3,52,0.7,75,70,0.9,0.2,85,,,,
players,Jose,Calderon,PG,36.8,190.5,210,8,37,0.7,0.5,0.8,1.5,0.545,1.7,0.464,0.2,65,1.2,31,2.1,75,45,0.5,0,70,IH,,,
players,Henry,Ellenson,PF,21.5,210.82,242,8,65,0.5,0.8,0.862,2.3,0.384,1.6,0.333,0.3,50,1.9,41,0.5,75,68,0.1,0,50,,,,
players,Khyri,Thomas,SG,22.2,190.5,200,8,60,2.3,1.3,0.788,2.9,0.599,2.3,0.387,1.1,40,2.2,40,2.2,75,67,1.3,0.2,70,R,,,
players,Bruce,Brown,SG,21.9,195.58,195,8,70,2.8,1.85,0.629,3.35,0.444,1.6,0.25,0.65,40,4.4,40,3.7,75,67,0.65,0.4,46,R,,,
,,,,,,,,,,,,,,,,,,,,,,,,,,,,,
// Golden State Warriors,,,,,,,,,,,,,,,,,,,,,,,,,,,,,
,,,,,,,,,,,,,,,,,,,,,,,,,,,,,
players,DeMarcus,Cousins,C,27.9,210.82,270,9,69,5,8.2,0.746,10,0.53,5,0.354,2.2,85,10.7,65,5.4,75,73,1.6,1.6,60,PT,,,
players,Draymond,Green,PF,28.3,200.66,230,9,80,2.9,2.5,0.775,5.2,0.562,3.7,0.301,1.1,85,6.6,53,7.3,75,72,1.4,1.3,85,CG,,,
players,Kevin,Durant,SF,29.8,205.74,215,9,85,3,5.9,0.889,11.9,0.565,6.1,0.419,0.5,95,6.4,85,5.4,75,74,0.7,1.8,83,HF,,,
players,Klay,Thompsom,SG,28.4,200.66,205,9,70,1.8,1.3,0.837,9,0.526,7.1,0.44,0.4,85,3.4,64,2.5,75,72,0.8,0.5,89,EX,,,
players,Stephen,Curry,PG,30.3,190.5,185,9,67,3,5.9,0.921,7.1,0.595,9.8,0.423,0.7,95,4.4,72,6.1,75,73,1.6,0.2,76,HF,,,
players,Andre,Iguodala,SF,34.4,198.12,207,9,82,1,1.4,0.632,3.2,0.567,1.8,0.282,0.8,80,3.1,65,3.3,75,57,1.3,0.6,82,HF,,,
players,Shaun,Livingston,PG,32.8,200.66,182,9,67,0.6,0.9,0.82,4.8,0.509,0.1,0,0.5,70,3.6,42,2,75,53,0.8,0.7,92,,,,
players,Quinn,Cook,PG,25.3,187.96,185,9,55,1,0.8,0.88,4.5,0.514,3.2,0.442,0.3,55,2.2,65,2.7,75,64,0.4,0,75,,,,
players,Jordan,Bell,PF,23.5,205.74,227,9,85,0.9,0.8,0.682,3.2,0.641,0.1,0,2.2,65,5.2,34,1.8,75,72,0.6,1,70,SP,,,
players,Jonas,Jerebko,PF,31.3,208.28,231,9,73,0.4,0.8,0.807,2.5,0.511,2.1,0.414,0.7,65,4.6,35,0.6,75,53,0.3,0.2,90,,,,
players,Kevon,Looney,C,22.4,205.74,220,9,73,0.5,1.2,0.545,2.8,0.59,0.1,0.2,1.3,55,4,29,0.6,75,69,0.5,0.8,80,,,,
players,Damion,Lee,SG,25.7,198.12,210,9,57,2.7,1.9,0.759,6.1,0.511,4,0.25,0.35,45,2,53,1.9,75,57,1.3,0.1,60,,,,
players,Damian,Jones,C,24,210.82,243,9,53,0.6,0.6,0.6,3,0.5,0,0,1.5,50,3,36,0.5,75,63,0.5,1,50,,,,
players,Jacob,Evans III,SF,21,198.12,200,9,51,2.3,1.07,0.754,2,0.47,1.5,0.37,0.8,50,2.7,47,1.55,75,69,0.65,0.5,88,R,,,
,,,,,,,,,,,,,,,,,,,,,,,,,,,,,
// Houston Rockets,,,,,,,,,,,,,,,,,,,,,,,,,,,,,
,,,,,,,,,,,,,,,,,,,,,,,,,,,,,
players,.,Nene,C,35.8,210.82,260,10,77,0.7,2.1,0.636,4.6,0.574,0,0,1,70,6.1,31,0.9,75,49,0.5,0.9,80,IH,,,
players,P.J.,Tucker,PF,33.2,195.58,225,10,80,0.9,0.7,0.717,1.6,0.435,3.8,0.371,3.6,75,4.4,55,0.9,75,55,1.1,0.9,100,PT,,,
players,Carmelo,Anthony,SF,34.1,203.2,230,10,46,1.3,2.5,0.767,8.9,0.437,6.1,0.357,0.9,90,4.9,50,1.3,75,63,0.6,0.6,95,HF,,,
players,James,Harden,SG,28.9,195.58,220,10,77,4.4,10.1,0.858,10.1,0.531,10,0.367,0.6,95,4.8,62,8.8,75,76,1.8,0.7,88,CG,,,
players,Chris,Paul,PG,33.2,182.88,175,10,77,2.2,3.8,0.919,7.2,0.532,6.5,0.38,0.6,95,4.8,50,7.9,75,67,1.7,0.2,71,CG,,,
players,Eric,Gordon,SG,29.5,190.5,222,10,57,1.9,3.5,0.809,5.2,0.544,8.8,0.359,0.4,80,4.3,75,2.2,75,67,0.6,0.4,95,EX,,,
players,Gerald,Green,SF,32.4,203.2,200,10,65,0.5,1.5,0.85,2.8,0.504,7.3,0.369,0.4,75,2.9,82,0.6,75,59,1,0.5,90,SP,,,
players,Michael,Carter-Williams,PG,26.7,198.12,185,10,69,1.7,1.7,0.82,3.3,0.365,3,0.25,0.9,70,4.2,65,2.2,75,68,0.8,0.4,85,,,,
players,James,Ennis III,SF,28,200.66,210,10,60,0.4,1.6,0.836,3.2,0.567,2.1,0.333,1,60,4.1,40,1,75,60,1,0.3,70,,,,
players,Ryan,Anderson,PF,30.2,208.28,240,10,61,0.6,1.4,0.774,2.1,0.539,5.1,0.386,1.4,70,5.4,46,0.9,75,61,0.4,0.3,80,,,,
players,Zhou,Qi,C,22.5,218.44,218,10,69,0.6,1.4,0.667,1.4,0.5,2.2,0.226,1.5,50,4.5,33,0.2,75,66,0.5,1.6,55,,,,
players,Chinanu,Onuaku,C,21.7,208.28,245,10,65,1.2,0.7,0.527,2,0.583,0,0,0.5,50,3,47,0.7,75,68,0.5,0.2,55,,,,
players,De'Anthony,Melton,PG,20.1,190.5,190,10,66,2.4,1.5,0.706,3.5,0.51,2.75,0.284,0.7,40,3.7,40,2.75,75,71,0.95,0.5,58,R,,,
players,Vince,Edwards,SF,22.2,203.2,225,10,64,2.4,1.13,0.833,2.37,0.486,1.23,0.367,0.75,50,4,42,2.2,75,67,0.5,0.6,85,R,,,
players,Gary,Clark,PF,23,200.66,219,10,70,2,2.2,0.741,2.6,0.475,1.7,0.385,0.5,50,1.72,47,1.6,75,65,0.7,0.6,88,R,,,
,,,,,,,,,,,,,,,,,,,,,,,,,,,,,
// Indiana Pacers,,,,,,,,,,,,,,,,,,,,,,,,,,,,,
,,,,,,,,,,,,,,,,,,,,,,,,,,,,,
players,Myles,Turner,C,22.3,210.82,240,11,73,1.5,3.2,0.777,7.4,0.519,2.4,0.357,1.4,75,5,34,1.3,75,79,0.6,1.8,79,PT,,,
players,Thaddeus,Young,PF,30,203.2,220,11,69,1.3,1.1,0.598,8.4,0.531,2.2,0.32,2.3,70,4,45,1.9,75,61,1.7,0.4,99,,,,
players,Tyreke,Evans,SF,28.8,198.12,220,11,53,2.3,4,0.785,10.1,0.482,5.5,0.399,0.8,80,4.3,63,5.2,75,68,1.1,0.3,73,EX,,,
players,Victor,Oladipo,SG,26.2,195.58,214,11,81,2.9,4.9,0.799,12.1,0.528,5.8,0.371,0.6,85,4.6,78,4.3,75,76,2.4,0.8,91,HH,,,
players,Darren,Collison,PG,30.9,182.88,160,11,57,1.2,2.1,0.882,6.3,0.508,3,0.468,0.5,75,2,56,5.3,75,62,1.3,0.2,84,,,,
players,Bojan,Bogdanovic,SF,29.2,203.2,216,11,49,1.3,2.6,0.868,5.8,0.534,4.8,0.402,0.4,75,3,63,1.5,75,65,0.7,0.1,98,IH,,,
players,Domantas,Sabonis,PF,22.3,208.28,240,11,69,1.9,3,0.75,8.4,0.524,0.5,0.351,2.2,70,5.5,33,2,75,76,0.5,0.4,90,,,,
players,Cory,Joseph,PG,26.9,190.5,185,11,57,1.1,1.1,0.745,5,0.457,2.3,0.353,0.5,70,2.7,40,3.2,75,67,1,0.2,100,IH,,,
players,Doug,McDermott,SF,26.5,203.2,218,11,37,0.7,1,0.79,3.6,0.497,2.7,0.426,0.5,65,2,34,1,75,66,0.2,0.2,99,,,,
players,Kyle,O'Quinn,C,28.3,208.28,240,11,77,1.3,1.6,0.772,4.8,0.598,0.2,0.235,1.6,65,4.5,31,2.1,75,62,0.5,1.3,94,,,,
players,T.J.,Leaf,PF,21.2,208.28,225,11,49,0.2,0.3,0.625,1.8,0.489,0.8,0.429,0.5,60,1,36,0.2,75,74,0.1,0.1,65,,,,
players,Aaron,Holiday,PG,21.8,185.42,190,11,43,3.8,2.9,0.828,3.85,0.474,3.1,0.4,0.5,60,3.2,59,3.9,75,72,1,0.1,80,R,,,
players,Alize,Johnson,PF,22.2,203.2,217,11,76,2.8,1.47,0.759,2.57,0.475,1.47,0.275,1.6,50,6.1,59,2.2,75,67,0.25,0.2,80,R,,,
players,Ike,Anigbogu,C,19.7,208.28,252,11,81,0.4,1,0.833,1.6,0.444,0,0,1,45,0.8,33,0,75,69,0.2,0.6,50,,,,
players,Edmond,Sumner,PG,22.5,195.58,170,11,60,3,1,0.65,3.5,0.385,1.2,0.302,0.2,50,1,47,2,75,66,0.8,0.1,50,,,,
,,,,,,,,,,,,,,,,,,,,,,,,,,,,,
// Los Angeles Clippers,,,,,,,,,,,,,,,,,,,,,,,,,,,,,
,,,,,,,,,,,,,,,,,,,,,,,,,,,,,
players,Marcin,Gortat,C,34.4,210.82,240,12,69,1.2,2,0.675,6.8,0.518,0,0,2.2,70,5.4,29,1.8,75,52,0.5,0.7,100,IH,,,
players,Danilo,Gallinari,PF,29.9,208.28,225,12,49,1.2,4.1,0.931,6.9,0.455,5.3,0.324,0.4,75,4.4,51,2,75,64,0.6,0.5,50,IH,,,
players,Tobias,Harris,SF,26,203.2,226,12,57,1.3,2.7,0.829,9.7,0.488,5.6,0.411,0.7,75,4.7,51,2.4,75,72,0.9,0.4,98,,,,
players,Avery,Bradley,SG,27.6,187.96,180,12,65,2.2,1.8,0.768,9.2,0.436,4.4,0.369,0.5,80,2,51,2,75,71,1.1,0.2,66,,,,
players,Patrick,Beverley,PG,30,185.42,180,12,78,2.3,1.5,0.824,5.4,0.407,5.5,0.4,1.5,75,2.6,62,2.9,75,64,1.6,0.5,70,,,,
players,Lou,Williams,PG,31.7,185.42,175,12,45,3,6.2,0.88,10.4,0.484,6.6,0.359,0.5,85,2,62,5.3,75,65,1.1,0.2,96,EX,,,
players,Luc,Mbah a Moute,PF,31.8,203.2,230,12,73,1.1,1.6,0.684,2.8,0.599,2.8,0.364,0.4,65,2.7,44,0.9,75,55,1.2,0.4,74,,,,
players,Milos,Teodosic,PG,31.3,195.58,196,12,41,2.2,1,0.848,2.8,0.492,5.2,0.379,0.4,60,2.4,37,4.6,75,53,0.5,0.1,55,,,,
players,Mike,Scott,PF,30,203.2,237,12,53,1,1,0.658,4.8,0.582,2.1,0.405,0.7,60,2.6,33,1.1,75,56,0.3,0.1,93,,,,
players,Wesley,Johnson,SF,31,200.66,205,12,69,0.7,0.8,0.741,2.6,0.471,2.4,0.339,0.4,60,2.5,38,0.8,75,54,1,0.8,90,,,,
players,Sindarius,Thornwell,SG,23.6,195.58,211,12,53,0.7,1.2,0.67,2.4,0.448,0.8,0.377,0.5,50,1.5,40,0.9,75,64,0.7,0.3,89,,,,
players,Shai,Gilgeous-Alexander,PG,20,198.12,180,12,65,2.4,3.2,0.817,8.6,0.446,1.5,0.317,0.8,65,3,70,5.1,75,79,1.1,0.25,85,R,,,
players,Sam,Dekker,SF,24.2,205.74,230,12,53,0.5,0.8,0.661,2.7,0.593,0.8,0.283,0.6,65,1.8,36,0.5,75,70,0.3,0.1,89,,,,
players,Jerome,Robinson,PG,21.4,195.58,190,12,39,3.1,2.5,0.83,4.5,0.499,2.85,0.388,0.5,50,2,64,2,75,68,0.45,0.05,85,R,,,
players,Montrezl,Harrell,PF,24.5,203.2,240,12,65,0.9,2.9,0.626,7.1,0.641,0.1,0.143,1.4,65,2.7,45,1,75,70,0.5,0.7,93,,,,
,,,,,,,,,,,,,,,,,,,,,,,,,,,,,
// Los Angeles Lakers,,,,,,,,,,,,,,,,,,,,,,,,,,,,,
,,,,,,,,,,,,,,,,,,,,,,,,,,,,,
players,JaVale,McGee,C,30.5,213.36,237,13,85,1.6,1.5,0.731,6.25,0.638,0.2,0,3.5,80,6.4,42,1.9,75,65,0.6,1.65,79,,,,
players,Kyle,Kuzma,PF,22.9,205.74,221,13,61,1.8,2.7,0.707,7.9,0.511,5.6,0.366,1.1,80,5.1,69,1.8,75,80,0.6,0.4,94,EX,,,
players,LeBron,James,SF,33.5,203.2,240,13,61,4.2,6.5,0.731,14.3,0.603,5,0.367,1.2,95,7.5,87,9.1,75,67,1.4,0.9,100,HF,,,
players,Brandon,Ingram,SF,20.8,205.74,190,13,61,2.5,4.8,0.681,11.1,0.483,1.8,0.39,1,75,4.4,60,3.9,75,82,0.8,0.7,72,,,,
players,Lonzo,Ball,PG,20.7,198.12,190,13,73,2.6,1.4,0.512,5.2,0.425,5.7,0.325,1.3,80,5.6,56,7.2,75,85,1.7,0.8,63,,,,
players,Rajon,Rondo,PG,32.4,185.42,171,13,61,2.3,0.7,0.543,5.3,0.526,2.3,0.333,0.5,80,3.6,49,8.2,75,61,1.1,0.2,79,SP,,,
players,Kentavious,Caldwell-Pope,SG,25.4,195.58,205,13,65,1.3,2.6,0.789,5.2,0.473,5.6,0.383,0.8,75,4.4,62,2.2,75,73,1.4,0.2,90,,,,
players,Lance,Stephenson,SG,27.8,195.58,210,13,65,1.6,1.5,0.661,5.8,0.495,2.8,0.289,0.8,75,4.4,44,2.9,75,68,0.6,0.2,100,SP,,,
players,Josh,Hart,SG,23.3,195.58,215,13,71,0.7,1.5,0.702,3.5,0.551,4.1,0.396,0.7,70,3.5,51,1.3,75,72,0.7,0.3,82,,,,
players,Michael,Beasley,PF,29.5,208.28,235,13,57,1.9,2.1,0.78,9.7,0.52,1.2,0.395,1.3,70,4.3,41,1.7,75,62,0.5,0.6,90,EX,,,
players,Ivica,Zubac,C,21.3,215.9,240,13,69,0.8,1.3,0.653,6.2,0.529,0.1,0,1.1,55,3.1,36,0.8,75,71,0.4,0.9,55,,,,
players,Alex,Caruso,PG,24.3,195.58,185,13,61,1.1,0.8,0.7,2,0.507,1.2,0.302,0.4,55,1.4,35,2,75,65,0.6,0.3,65,,,,
players,Luol,Deng,SF,33.2,205.74,220,13,61,0.8,1.1,0.73,4.6,0.437,2.9,0.309,1.1,65,4.1,59,1.3,75,52,0.9,0.4,60,,,,
players,Moritz,Wagner,C,21.2,210.82,240,13,70,1.4,1.4,0.694,3.2,0.614,2.05,0.394,1.5,60,5.7,42,0.8,75,74,1,0.5,95,R,,,
players,Sviatoslav,Mykhailiuk,SG,21.1,203.2,212,13,49,1.7,0.7,0.804,2.75,0.423,3.3,0.444,0.55,60,2,53,1.35,75,74,1.2,0.3,95,R,,,
,,,,,,,,,,,,,,,,,,,,,,,,,,,,,
// Memphis Grizzlies,,,,,,,,,,,,,,,,,,,,,,,,,,,,,
,,,,,,,,,,,,,,,,,,,,,,,,,,,,,
players,Marc,Gasol,C,33.4,215.9,265,14,65,2.7,4.6,0.834,9.8,0.456,4.4,0.341,1.1,85,7,37,4.2,75,62,0.7,1.4,89,IH,,,
players,Jaren,Jackson Jr.,PF,18.8,210.82,235,14,100,2.2,3.8,0.797,3.9,0.502,5.4,0.375,2,70,6.3,39,1.3,75,83,0.9,2,85,R,,,
players,Kyle,Anderson,SF,24.8,205.74,230,14,93,1.3,2,0.712,6.1,0.556,0.8,0.333,1.1,70,4.2,38,2.7,75,71,1.6,0.8,90,,,,
players,Dillon,Brooks,SG,22.4,200.66,225,14,45,1.5,2,0.747,6.2,0.484,3.2,0.356,0.6,70,2.5,47,1.6,75,76,0.9,0.2,100,,,,
players,Mike,Conley,PG,30.7,185.42,180,14,61,2.1,5.4,0.85,8.4,0.489,6.1,0.393,0.4,85,2.9,42,6,75,67,1.3,0.3,60,HH,,,
players,JaMychal,Green,PF,28,203.2,228,14,57,1.4,2,0.721,6.6,0.499,2.3,0.339,2.7,65,5.8,38,1.4,75,63,0.6,0.5,67,,,,
players,Andrew,Harrison,PG,23.7,198.12,210,14,45,1.4,2.8,0.78,5.1,0.467,2.5,0.331,0.4,65,1.9,41,3.2,75,71,0.7,0.5,68,,,,
players,Garrett,Temple,SG,32.2,198.12,190,14,70,1.2,1.2,0.769,3.8,0.442,3.5,0.392,0.3,75,2,60,1.9,75,54,1.2,0.4,85,,,,
players,Jarell,Martin,PF,24.1,208.28,235,14,53,1.2,1.6,0.767,5.5,0.47,1.3,0.347,1.3,60,3,43,1,75,68,0.5,0.7,89,,,,
players,Omri,Casspi,SF,30,205.74,225,14,69,0.7,1.3,0.725,3.5,0.595,0.4,0.455,0.6,65,3.2,36,1,75,59,0.3,0.4,64,IH,,,
players,Chandler,Parsons,PF,29.7,205.74,200,14,45,1,0.8,0.63,3.1,0.504,3.4,0.421,0.4,60,2.1,37,1.9,75,57,0.5,0.3,43,,,,
players,Wayne,Selden,SG,23.8,195.58,230,14,37,1.5,1.7,0.746,4.2,0.456,3.5,0.402,0.5,60,1.1,44,1.9,75,68,0.5,0.1,65,,,,
players,MarShon,Brooks,SG,29.4,195.58,200,14,53,2.3,1.65,0.87,5,0.457,2.3,0.594,1.1,60,1.9,57,2,75,57,0.9,0.4,85,EX,,,
players,Kobi,Simmons,PG,21,185.42,170,14,47,1.4,0.8,0.842,4.7,0.46,1.2,0.282,0.4,50,1.1,44,2.1,75,69,0.6,0.2,85,,,,
players,Jevon,Carter,PG,22.8,187.96,200,14,73,3,1.05,0.798,2.125,0.401,1.325,0.341,0.4,55,1.95,40,3.3,75,68,1.5,0.2,80,R,,,
,,,,,,,,,,,,,,,,,,,,,,,,,,,,,
// Miami Heat,,,,,,,,,,,,,,,,,,,,,,,,,,,,,
,,,,,,,,,,,,,,,,,,,,,,,,,,,,,
players,Hassan,Whiteside,C,29.1,213.36,260,15,100,1.7,3.4,0.703,10.7,0.538,0,1,3.2,85,8.2,32,1,75,70,0.7,1.7,66,,,,
players,James,Johnson,PF,31.4,205.74,245,15,77,1.9,2.2,0.698,5.9,0.587,2.5,0.308,0.8,75,4.1,40,3.8,75,61,1,0.7,89,CG,,,
players,Josh,Richardson,SF,24.8,198.12,200,15,85,1.7,1.8,0.845,6.8,0.495,4.1,0.378,0.9,75,2.7,45,2.9,75,74,1.5,0.9,99,PT,,,
players,Tyler,Johnson,SG,25.2,193.04,186,15,65,1.1,1.8,0.822,5.4,0.491,4.5,0.367,0.5,70,3,45,2.3,75,71,0.8,0.5,88,,,,
players,Goran,Dragic,PG,32.2,193.04,180,15,61,2.2,3.6,0.801,10.3,0.481,4,0.37,0.7,80,3.4,57,4.8,75,62,0.8,0.2,91,IH,,,
players,Dion,Waiters,SG,26.6,193.04,210,15,57,2.3,2.3,0.739,8,0.463,5.7,0.306,0.3,80,2.3,49,3.8,75,73,0.8,0.3,45,EX,,,
players,Wayne,Ellington,SG,30.6,193.04,200,15,57,0.7,1,0.859,1.6,0.479,7.5,0.392,0.3,70,2.5,38,1,75,60,0.7,0.1,94,EX,,,
players,Justise,Winslow,SF,22.3,198.12,225,15,77,1.1,1.5,0.635,5.3,0.44,1.9,0.38,0.9,65,4.5,43,2.2,75,79,0.8,0.5,65,,,,
players,Kelly,Olynyk,C,27.2,213.36,238,15,77,1.9,2.3,0.77,4.7,0.59,3.7,0.379,1.2,75,4.5,38,2.7,75,69,0.8,0.5,93,IH,,,
players,Bam,Adebayo,C,21,208.28,255,15,77,1.5,4.6,0.721,4.8,0.523,0.1,0,1.7,60,3.8,32,1.5,75,77,0.5,0.6,80,,,,
players,Rodney,McGruder,SG,26.9,193.04,205,15,57,0.2,0.4,0.608,2.1,0.553,1.9,0.429,0.6,55,1.2,37,0.9,75,60,0.4,0.2,50,,,,
players,Derrick,Jones Jr.,SF,21.4,200.66,190,15,65,0.4,1.3,0.611,2.4,0.485,1.1,0.301,1.4,60,1.1,32,0.4,75,73,0.2,0.7,75,SP,,,
players,Duncan,Robinson,PF,24.2,203.2,215,15,55,1,0.57,0.75,1.285,0.444,2.715,0.453,0.29,40,1.29,36,0.715,75,58,0.215,0.145,100,R,,,
,,,,,,,,,,,,,,,,,,,,,,,,,,,,,
// Milwaukee Bucks,,,,,,,,,,,,,,,,,,,,,,,,,,,,,
,,,,,,,,,,,,,,,,,,,,,,,,,,,,,
players,Brook,Lopez,C,30.3,213.36,260,16,65,1.3,2.1,0.703,6.3,0.549,4.4,0.345,1,80,3,37,1.7,75,65,0.4,1.3,90,,,,
players,Giannis,Antetokounmpo,PF,23.6,210.82,215,16,73,3,8.5,0.76,16.8,0.554,1.9,0.307,2.1,95,8,88,4.8,75,86,1.5,1.4,91,IH,,,
players,Khris,Middleton,SF,26.9,200.66,215,16,53,2.3,4.4,0.884,10.5,0.517,5,0.359,0.5,80,4.7,64,4,75,72,1.5,0.3,100,PT,,,
players,Tony,Snell,SG,26.6,200.66,200,16,51,0.5,0.6,0.792,2.1,0.49,3.6,0.403,0.1,65,1.8,42,1.3,75,65,0.6,0.4,91,,,,
players,Eric,Bledsoe,PG,28.6,185.42,190,16,65,2.9,4.3,0.792,8.5,0.545,4.9,0.347,0.7,85,3.1,70,5,75,71,2,0.6,90,,,,
players,John,Henson,C,27.5,210.82,220,16,65,1.1,2.1,0.57,6.5,0.578,0.1,0.143,2,70,4.8,34,1.5,75,66,0.6,1.4,93,,,,
players,Ersan,Ilyasova,PF,31.1,205.74,235,16,65,1,2,0.778,5.2,0.517,3.7,0.36,1.7,70,4.2,44,1.3,75,59,0.9,0.4,84,IH,,,
players,Malcolm,Brogdon,SG,25.6,195.58,223,16,55,1.4,1.8,0.882,7.1,0.532,3.4,0.385,0.5,75,2.8,52,3.2,75,72,0.9,0.3,65,,,,
players,Matthew,Dellavedova,PG,27.8,193.04,200,16,47,1.3,0.7,0.926,1.9,0.351,2.1,0.372,0.4,70,1.3,32,3.8,75,65,0.4,0,50,IH,,,
players,Thon,Maker,C,21.3,215.9,216,16,57,0.6,1.3,0.699,3.2,0.467,1.4,0.378,1,60,4.5,32,0.6,75,73,0.5,0.7,90,,,,
players,Brandon,Jennings,PG,28.8,185.42,169,16,53,1.3,0.7,0.796,3,0.462,2.4,0.345,0.4,75,1.9,53,4.9,75,66,0.9,0,85,SP,,,
players,Tyler,Zeller,C,28.5,213.36,250,16,53,0.7,1.2,0.722,4.6,0.578,0.4,0.357,1.7,60,3,29,0.7,75,59,0.2,0.5,80,,,,
players,Sterling,Brown,SG,23.4,195.58,225,16,57,0.5,0.4,0.875,2.1,0.439,1.7,0.352,0.5,60,2.1,41,0.5,75,69,0.6,0.2,66,,,,
players,Donte,DiVincenzo,SG,21.4,195.58,200,16,63,2.4,1.8,0.71,3,0.555,3.53,0.384,0.8,65,2.4,50,2.7,75,76,0.7,0.1,73,R,,,
players,D.J.,Wilson,PF,22.4,208.28,240,16,53,0.4,0.2,0.5,1,0.636,0.4,0.4,0.1,60,0.2,36,0.8,75,71,0.2,0,65,,,,
,,,,,,,,,,,,,,,,,,,,,,,,,,,,,
// Minnesota Timberwolves,,,,,,,,,,,,,,,,,,,,,,,,,,,,,
,,,,,,,,,,,,,,,,,,,,,,,,,,,,,
players,Karl-Anthony,Towns,C,22.6,210.82,255,17,69,1.9,4.9,0.858,10.8,0.585,3.5,0.421,2.9,85,9.4,38,2.4,75,83,0.8,1.4,100,HH,,,
players,Taj,Gibson,PF,33,205.74,225,17,50,1.1,2.3,0.768,8.6,0.595,0.4,0.2,2.4,75,4.8,36,1.2,75,58,0.8,0.7,100,,,,
players,Andrew,Wiggins,SF,23.4,203.2,200,17,45,1.7,3.8,0.643,11.7,0.475,4.1,0.331,1,80,3.4,53,2,75,79,1.1,0.6,100,PT,,,
players,Jimmy,Butler,SG,28.8,200.66,220,17,65,1.8,7.2,0.854,12.2,0.509,3.4,0.35,1.3,90,4,53,4.9,75,73,2,0.4,72,HH,,,
players,Jeff,Teague,PG,30.1,187.96,180,17,50,2.5,3.4,0.845,8.1,0.477,3.3,0.368,0.3,75,2.6,53,7,75,63,1.5,0.3,85,,,,
players,Anthony,Tolliver,PF,33.1,203.2,240,17,57,0.4,1.7,0.797,1.4,0.561,4.6,0.436,1.3,75,4.6,45,1.1,75,52,0.4,0.3,96,,,,
players,Derrick,Rose,PG,29.7,190.5,190,17,55,1.4,1.8,0.87,6.2,0.474,1.2,0.233,0.5,80,0.9,80,1.5,75,67,1.1,0.2,70,,,,
players,Gorgui,Dieng,C,28.5,210.82,245,17,70,0.7,1.3,0.775,4.1,0.511,0.8,0.311,1.3,70,3.2,45,0.9,75,62,0.6,0.5,96,,,,
players,Tyus,Jones,PG,22.1,185.42,190,17,65,0.7,1.5,0.877,3.6,0.528,2.4,0.349,0.2,65,1.4,38,3.3,75,74,1.2,0.1,100,,,,
players,Josh,Okogie,SG,19.8,193.04,210,17,61,3,3.4,0.821,4.6,0.392,2.1,0.337,1.15,55,2,53,1.25,75,74,0.9,0.5,59,R,,,
players,Keita,Bates-Diop,PF,22.4,205.74,225,17,70,2.4,1.37,0.794,3.23,0.497,1.8,0.309,1.5,60,3.6,51,0.8,75,71,0.45,0.8,70,R,,,
players,Justin,Patton,C,21.1,213.36,230,17,89,2.2,0.625,0.517,2,0.683,0.1,0.3,1.2,50,4,51,0.6,75,69,0.45,0.7,50,,,,
players,Jared,Terrell,SG,23.4,190.5,215,17,60,1.4,0.2,0.763,3,0.533,2,0.315,0.8,40,2.4,45,1.2,75,59,0.6,0,83,R,,,
,,,,,,,,,,,,,,,,,,,,,,,,,,,,,
// New Orleans Pelicans,,,,,,,,,,,,,,,,,,,,,,,,,,,,,
,,,,,,,,,,,,,,,,,,,,,,,,,,,,,
players,Anthony,Davis,C,25.3,208.28,220,18,89,2.2,8,0.828,17.3,0.558,2.2,0.34,2.5,95,8.6,63,2.3,75,83,1.5,2.6,91,HH,,,
players,Julius,Randle,PF,23.6,205.74,234,18,69,2.6,5.2,0.718,10.5,0.575,0.5,0.222,2.2,80,5.8,60,2.6,75,79,0.5,0.5,100,,,,
players,E'Twaun,Moore,SF,29.3,193.04,191,18,49,1.2,0.8,0.706,6.5,0.556,3.7,0.425,0.7,60,2.2,61,2.3,75,57,1,0.1,100,,,,
players,Jrue,Holiday,PG,28.1,190.5,180,18,89,2.6,2.9,0.786,11,0.557,4.4,0.337,0.8,85,3.7,66,6,75,72,1.5,0.8,99,CG,,,
players,Elfrid,Payton,PG,24.4,193.04,185,18,53,2.7,2.7,0.649,9.1,0.52,1.5,0.326,1,75,3.3,49,6.2,75,75,1.3,0.3,77,,,,
players,Nikola,Mirotic,PF,27.4,208.28,230,18,69,1.1,2.5,0.818,5.9,0.525,6.5,0.377,1.1,70,6.3,43,1.5,75,66,0.8,0.7,67,EX,,,
players,Ian,Clark,SG,27.3,190.5,175,18,57,0.8,0.8,0.763,4.1,0.533,2.6,0.318,0.1,70,1.6,71,1.5,75,61,0.4,0.1,95,,,,
players,Solomon,Hill,SF,27.3,200.66,220,18,71,1,1.6,0.805,2.6,0.428,3.4,0.348,0.6,60,3.2,55,1.8,75,61,0.9,0.4,71,,,,
players,Darius,Miller,SF,28.3,203.2,225,18,45,0.7,0.8,0.866,1.6,0.535,4.4,0.411,0.2,60,1.8,37,1.4,75,59,0.3,0.2,100,,,,
players,DeAndre,Liggins,SG,30.3,198.12,209,18,71,0.3,0.2,0.549,1.8,0.396,1.8,0.358,0.2,55,2.4,31,0.8,75,53,0.6,0.2,71,,,,
players,Cheick,Diallo,PF,21.8,205.74,220,18,77,0.5,1.3,0.758,5.6,0.58,0,0,1.1,60,3.8,31,0.4,75,72,0.2,0.4,63,,,,
players,Emeka,Okafor,C,35.8,210.82,260,18,77,0.5,0.8,0.818,3.7,0.505,0,0,1.8,65,2.8,31,0.3,75,47,0.3,1,65,,,,
players,Frank,Jackson,PG,20.2,190.5,205,18,72,2.8,1.4,0.755,2.1,0.509,1.8,0.355,0.6,55,1.9,42,1.7,75,73,0.6,0.1,40,,,,
players,Alexis,Ajinca,C,30.2,213.36,220,18,81,0.8,0.5,0.725,2.25,0.511,0.05,0,1.2,55,3.4,28,0.3,75,53,0.5,0.6,40,,,,
players,Trevon,Bluiett,SG,23.7,198.12,215,18,50,1.25,1,0.75,2.25,0.611,7,0.454,0.5,50,3,45,2.25,75,64,0.25,0.5,60,R,,,
,,,,,,,,,,,,,,,,,,,,,,,,,,,,,
// New York Knicks,,,,,,,,,,,,,,,,,,,,,,,,,,,,,
,,,,,,,,,,,,,,,,,,,,,,,,,,,,,
players,Enes,Kanter,C,26.1,210.82,262,19,65,1.7,2.6,0.848,10,0.594,0,0,3.8,80,7.1,35,1.5,75,74,0.5,0.5,87,PT,,,
players,Kristaps,Porzingis,PF,22.9,220.98,240,19,65,1.9,5.7,0.793,13.8,0.454,4.8,0.395,1.3,90,5.3,44,1.2,75,85,0.8,2.4,65,IH,,,
players,Mario,Hezonja,SF,23.4,200.66,195,19,65,1.1,1.4,0.819,5,0.523,4,0.337,0.5,65,3.2,46,1.4,75,72,1.1,0.4,91,,,,
players,Tim,Hardaway Jr.,SG,26.3,198.12,205,19,45,1.6,3.1,0.816,7.8,0.516,7.2,0.317,0.6,75,3.4,70,2.7,75,71,1.1,0.2,70,EX,,,
players,Trey,Burke,PG,25.6,182.88,190,19,41,1.2,1.6,0.649,7.8,0.556,2.9,0.362,0.4,70,1.6,45,4.7,75,70,0.7,0.1,70,EX,,,
players,Courtney,Lee,SG,32.7,195.58,200,19,45,1.1,1.6,0.919,6.3,0.482,3.7,0.406,0.4,70,2.6,49,2.4,75,56,1.1,0.2,93,,,,
players,Lance,Thomas,PF,30.2,203.2,225,19,45,0.5,0.7,0.83,2,0.364,1.7,0.403,0.6,65,1.8,32,0.6,75,58,0.4,0.2,89,,,,
players,Frank,Ntilikina,PG,19.9,195.58,190,19,49,1.7,1.8,0.721,8.8,0.385,4,0.318,0.5,65,2.3,37,4,75,79,0.8,0.2,95,,,,
players,Kevin,Knox,SF,18.9,205.74,215,19,59,2.8,4.2,0.774,9,0.459,5.5,0.357,0.9,65,4.5,67,1.4,75,81,0.4,0.15,90,R,,,
players,Emmanuel,Mudiay,PG,22.3,195.58,200,19,45,2.2,3,0.784,6.8,0.408,3.2,0.315,0.5,65,2.7,46,3.9,75,74,0.7,0.2,78,,,,
players,Joakim,Noah,C,33.3,210.82,232,19,77,0.6,1.2,0.5,2.8,0.492,0,0,0.9,70,1.1,31,0.6,75,54,0.3,0.6,65,,,,
players,Damyean,Dotson,SG,24.2,195.58,205,19,49,0.4,0.5,0.696,2.1,0.538,1.5,0.324,0.2,50,1.7,34,0.7,75,63,0.3,0,60,,,,
players,Ron,Baker,SG,25.3,193.04,220,19,61,0.6,0.9,0.769,0.9,0.346,1.1,0.333,0.2,60,0.9,29,1.6,75,65,0.9,0.2,60,,,,
players,Luke,Kornet,PF,23,215.9,250,19,57,0.6,0.6,0.727,2.3,0.457,4,0.354,0.6,50,2.7,32,1.3,75,65,0.3,0.8,60,,,,
players,Mitchell,Robinson,C,20.3,210.82,225,19,72,1.5,0.75,0.625,5.75,0.575,0.4,0.285,2.125,60,4.75,33,0.6,75,75,0.8,1.5,73,R,,,
,,,,,,,,,,,,,,,,,,,,,,,,,,,,,
// Oklahoma City Thunder,,,,,,,,,,,,,,,,,,,,,,,,,,,,,
,,,,,,,,,,,,,,,,,,,,,,,,,,,,,
players,Steven,Adams,C,24.9,213.36,24.9,20,69,1.7,3.8,0.557,9.3,0.631,0,0,5.1,80,4,37,1.2,75,76,1.2,1,93,IH,,,
players,Jerami,Grant,PF,24.3,203.2,214,20,65,0.7,3,0.675,5.3,0.613,2,0.291,1.1,75,3.4,36,0.7,75,75,0.4,1,99,SP,,,
players,Paul,George,SF,28.2,203.2,210,20,73,2.7,5.2,0.82,9.3,0.454,7.7,0.401,0.9,95,4.7,66,3.3,75,77,2,0.5,96,PT,,,
players,Andre,Roberson,SG,26.6,200.66,210,20,82,0.8,1,0.316,3.2,0.627,0.9,0.222,1.9,85,2.8,60,1.2,75,70,1.5,1.3,70,,,,
players,Russell,Westbrook,PG,29.6,190.5,187,20,61,4.8,7.1,0.737,17,0.485,4.1,0.298,1.9,95,8.2,100,10.3,75,74,1.8,0.3,98,HH,,,
players,Dennis,Schroder,PG,24.8,185.42,168,20,45,2.7,4,0.849,13.2,0.48,3.9,0.29,0.7,70,2.4,43,6.2,75,71,1.1,0.1,82,IH,,,
players,Alex,Abrines,SG,24.9,198.12,190,20,57,0.3,0.6,0.848,0.9,0.443,2.9,0.38,0.3,60,1.2,33,0.4,75,66,0.5,0.1,91,,,,
players,Patrick,Patterson,PF,29.3,205.74,235,20,65,0.4,0.6,0.87,1.2,0.421,2.1,0.386,1.2,65,4.6,32,0.7,75,60,0.6,0.9,100,,,,
players,Raymond,Felton,PG,34,185.42,198,20,60,0.6,0.5,0.818,3.9,0.444,2.8,0.352,0.3,75,1.6,70,2.5,75,48,0.9,0.2,100,,,,
players,Nerlens,Noel,C,24.2,210.82,228,20,97,1.8,1.8,0.75,7,0.529,0,0,1.6,70,6,31,0.7,75,73,1,0.7,65,,,,
players,Timothe,Luwawu-Cabarrot,SG,23.2,200.66,205,20,65,0.7,1.1,0.793,2.1,0.431,3,0.335,0.3,70,1.1,65,1,75,70,0.7,0.1,85,,,,
players,Terrance,Ferguson,SG,20.1,200.66,190,20,63,0.2,0.2,0.9,1,0.612,2.4,0.333,0.3,60,2,72,0.3,75,76,0.4,0.2,85,SP,,,
players,Hamidou,Diallo,SG,19.9,198.12,195,20,58,2.8,1.7,0.616,3.2,0.398,1.05,0.288,0.9,65,1.4,59,0.6,75,79,0.4,0.2,90,R,,,
players,Kyle,Singler,SF,30.2,203.2,230,20,53,0.3,1.1,0.538,1.3,0.313,0.4,0.4,0.1,50,0.8,31,0.2,75,51,0.1,0,40,,,,
players,Deonte,Burton,SG,24.5,195.58,250,20,60,3.4,1.9,0.737,3.8,0.5,1.3,0.385,0.6,55,3.3,59,1.6,75,65,1.1,0.8,40,R,,,
,,,,,,,,,,,,,,,,,,,,,,,,,,,,,
// Orlando Magic,,,,,,,,,,,,,,,,,,,,,,,,,,,,,
,,,,,,,,,,,,,,,,,,,,,,,,,,,,,
players,Nikola,Vucevic,C,27.7,208.28,240,21,73,1.9,1.6,0.819,11.2,0.527,3.6,0.314,1.8,80,7.4,43,3.4,75,71,1,1.1,70,,,,
players,Aaron,Gordon,PF,22.8,205.74,220,21,61,1.8,3.9,0.698,9,0.497,5.9,0.336,1.5,85,6.4,66,2.3,75,83,1,0.8,71,SP,,,
players,Jonathon,Simmons,SF,28.8,198.12,195,21,57,2.1,3.5,0.768,8.1,0.512,3,0.338,0.9,75,2.6,50,2.5,75,66,0.8,0.2,84,,,,
players,Evan,Fournier,SG,25.7,198.12,190,21,45,1.7,3,0.867,8.2,0.516,5.9,0.379,0.4,75,2.8,53,2.9,75,72,0.8,0.3,70,IH,,,
players,D.J.,Augustin,PG,30.6,182.88,180,21,45,1.6,2.5,0.868,3.6,0.485,3.6,0.419,0.4,70,3.1,75,3.8,75,60,1.3,0,91,,,,
players,Jerian,Grant,PG,25.7,195.58,205,21,49,1.2,2.5,0.745,4.3,0.468,2.5,0.324,0.4,65,1.9,37,4.6,75,67,0.9,0.1,90,,,,
players,Jonathan,Isaac,PF,20.7,208.28,210,21,81,1,1.8,0.76,6,0.487,1.7,0.348,1.2,65,3.7,35,0.7,75,77,1.2,1.1,66,,,,
players,Terrence,Ross,SG,27.4,198.12,195,21,57,1.2,1.5,0.75,4.1,0.469,3.9,0.323,0.4,70,2.6,45,1.6,75,66,1.1,0.5,75,EX,,,
players,Mohamed,Bamba,C,20.1,210.82,225,21,98,1.5,2,0.681,5.8,0.589,0.85,0.267,1.6,70,6,36,0.5,75,81,0.4,1.85,73,R,,,
players,Wesley,Iwundu,SF,23.5,200.66,205,21,63,0.5,0.8,0.723,2.8,0.488,0.7,0.275,0.6,55,1.6,36,0.9,75,67,0.5,0.2,76,,,,
players,Isaiah,Briscoe,PG,22,190.5,210,21,67,2.2,1.95,0.555,7.9,0.396,1.4,0.23,0.75,45,1.95,59,2.5,75,70,0.45,0.1,60,R,,,
players,Timofey,Mozgov,C,32,215.9,250,21,57,1.1,1,0.767,2.4,0.64,0.6,0.222,1,65,2.1,29,0.4,75,55,0.2,0.4,50,IH,,,
players,Dakari,Johnson,C,22.8,213.36,255,21,57,0.1,0.6,0.55,1.3,0.564,0,0,0.5,50,0.6,31,0.3,75,65,0.2,0.3,50,,,,
players,Khem,Birch,PF,25.8,208.28,220,21,65,0.5,1.5,0.689,3,0.54,0,0,1.7,60,2.6,28,0.8,75,64,0.4,0.5,56,,,,
players,Melvin,Frazier II,SF,21.8,198.12,200,21,62,3.1,0.95,0.712,2,0.523,1,0.325,0.7,55,2.9,47,1.45,75,70,1.1,0.35,73,R,,,
,,,,,,,,,,,,,,,,,,,,,,,,,,,,,
// Philadelphia 76ers,,,,,,,,,,,,,,,,,,,,,,,,,,,,,
,,,,,,,,,,,,,,,,,,,,,,,,,,,,,
players,Joel,Embiid,C,24.3,213.36,250,22,97,3.7,7.4,0.769,13.4,0.527,3.4,0.308,2.3,95,8.7,44,3.2,75,85,0.6,1.8,77,HH,,,
players,Dario,Saric,PF,24.2,208.28,223,22,69,1.9,2.7,0.86,6.3,0.501,5.1,0.393,2,80,4.7,53,2.6,75,78,0.7,0.3,95,IH,,,
players,Robert,Covington,SF,27.6,205.74,215,22,85,1.6,1.7,0.853,3.6,0.497,6.9,0.369,0.7,75,4.7,62,2,75,68,1.7,0.9,98,,,,
players,J.J.,Redick,SG,34,193.04,190,22,62,1.5,3.1,0.904,6,0.504,6.6,0.42,0.75,85,2.8,72,3,75,61,1.1,0.1,94,EX,,,
players,Ben,Simmons,PG,22,208.28,240,22,89,3.4,4.2,0.56,12.2,0.551,0.1,0,1.8,90,6.3,63,8.2,75,87,1.7,0.9,99,CG,,,
players,Markelle,Fultz,PG,20.1,193.04,195,22,70,1.2,1.5,0.476,7.9,0.409,0.1,0,0.8,75,2.3,55,3.8,75,83,0.9,0.3,50,,,,
players,Wilson,Chandler,SF,31.1,203.2,220,22,65,1.2,1.5,0.772,5.2,0.501,3.3,0.358,1.4,75,5.3,55,2.2,75,61,0.9,0.5,90,,,,
players,T.J.,McConnell,PG,26.3,187.96,200,22,77,1.5,0.5,0.795,4.7,0.51,0.8,0.435,0.5,70,2.5,40,4,75,68,1.2,0.2,93,CG,,,
players,Amir,Johnson,C,31.2,205.74,210,22,85,0.7,1.1,0.612,3.1,0.57,0.4,0.313,1.7,65,2.8,29,1.6,75,56,0.6,0.6,90,,,,
players,Jonah,Bolden,PF,22.5,208.28,220,22,65,2.67,3.17,0.529,3.34,0.449,2.83,0.235,2.67,60,3.33,35,0.5,75,69,1.5,1,60,R,,,
players,Jerryd,Bayless,PG,29.9,190.5,200,22,61,1.2,1.1,0.795,3,0.474,3.7,0.37,0.4,60,1.7,49,1.4,75,56,0.6,0.2,48,,,,
players,Mike,Muscala,C,27,210.82,239,22,57,0.8,1.2,0.919,2.7,0.559,3.2,0.371,1.1,60,3.3,33,1,75,62,0.6,0.5,64,,,,
players,Zhaire,Smith,SG,19.1,193.04,200,22,72,2.3,1.7,0.717,6.4,0.514,1.1,0.3,1.1,40,2.8,35,1.8,75,80,1.1,0.55,55,R,,,
players,Landry,Shamet,PG,21.3,195.58,190,22,49,2.6,1.07,0.825,1.3,0.51,1.97,0.392,0.4,55,1.4,47,3.6,75,70,0.35,0.1,78,R,,,
players,Furkan,Korkmaz,SG,21,200.66,180,22,69,0.2,0.6,0.8,1.6,0.4,2.4,0.4,0.2,55,1.2,45,0.3,75,72,0.2,0.2,60,,,,
,,,,,,,,,,,,,,,,,,,,,,,,,,,,,
// Phoenix Suns,,,,,,,,,,,,,,,,,,,,,,,,,,,,,
,,,,,,,,,,,,,,,,,,,,,,,,,,,,,
players,Deandre,Ayton,C,19.9,215.9,250,23,71,2.4,5.5,0.733,11.9,0.597,1,0.293,3.4,85,8.2,45,1.6,75,89,0.6,0.95,85,R,,,
players,T.J.,Warren,PF,24.8,203.2,220,23,41,1.3,3.9,0.757,15,0.523,1.4,0.222,1.9,75,3.2,73,1.3,75,74,1,0.6,79,,,,
players,Trevor,Ariza,SF,33,203.2,200,23,75,0.8,1.3,0.854,2.8,0.519,6.9,0.368,0.5,75,3.9,75,1.6,75,58,1.5,0.2,82,,,,
players,Devin,Booker,SG,21.7,198.12,205,23,37,3.6,6.1,0.878,12.4,0.46,7.1,0.383,0.5,90,4,81,4.7,75,88,0.9,0.3,76,EX,,,
players,Brandon,Knight,PG,26.6,190.5,189,23,45,2.5,3.2,0.855,8.8,0.446,4.6,0.337,0.6,75,2.4,55,3.7,75,70,0.8,0.2,65,,,,
players,Josh,Jackson,SG,21.4,203.2,207,23,55,1.9,3.6,0.634,9.3,0.464,2.8,0.263,1.2,75,3.3,70,1.5,75,81,1,0.5,94,,,,
players,Marquese,Chriss,PF,21,205.74,225,23,61,1.5,2.2,0.608,4,0.509,2.6,0.295,1.1,70,4.4,40,1.2,75,79,0.7,1,88,,,,
players,Tyson,Chandler,C,35.8,215.9,235,23,53,1.3,2,0.617,4.1,0.647,0,0,2.9,75,6.2,29,1.2,75,52,0.3,0.6,56,,,,
players,Troy,Daniels,SG,27,193.04,200,23,30,0.7,0.8,0.875,1.5,0.419,5.8,0.4,0.2,65,1.5,37,0.6,75,65,0.3,0.1,96,EX,,,
players,Dragan,Bender,PF,20.6,215.9,235,23,57,1.4,0.6,0.765,2,0.426,3.9,0.366,0.5,70,3.9,57,1.6,75,75,0.5,1.2,100,,,,
players,Richaun,Holmes,C,24.7,203.2,215,23,85,0.5,1.2,0.661,4.4,0.624,0.6,0.129,1.2,60,4.8,35,1.3,75,67,0.4,0.6,59,,,,
players,Mikal,Bridges,SF,21.8,200.66,210,23,75,2.4,1.7,0.851,2.95,0.543,3,0.405,0.9,65,2.5,47,1.4,75,75,1.1,0.7,98,R,,,
players,Shaq,Harrison,PG,24.7,193.04,190,23,61,1,1.7,0.737,4.3,0.541,1.1,0.231,0.4,50,2.3,49,2.4,75,62,1.1,0.3,68,,,,
players,Elie,Okobo,PG,20.7,187.96,180,23,60,2.81,1.345,0.835,2.485,0.557,2.46,0.418,0.39,55,2.33,51,4.72,75,72,0.92,0.19,73,R,,,
players,Davon,Reed,SG,23.1,198.12,220,23,49,0.5,0.6,0.667,1.8,0.289,1.8,0.289,0.1,50,1.8,34,0.6,75,65,0.5,0.1,60,,,,
,,,,,,,,,,,,,,,,,,,,,,,,,,,,,
// Portland Trail Blazers,,,,,,,,,,,,,,,,,,,,,,,,,,,,,
,,,,,,,,,,,,,,,,,,,,,,,,,,,,,
players,Jusuf,Nurkic,C,23.9,210.82,280,24,93,2.3,3.5,0.63,11.9,0.508,0.1,0,2.4,80,6.6,32,1.8,75,78,0.8,1.4,96,,,,
players,Al-Farouq,Aminu,PF,27.8,205.74,215,24,81,1.1,1.2,0.738,3.5,0.432,4.9,0.369,1.4,75,6.2,40,1.2,75,68,1.1,0.6,84,PT,,,
players,Evan,Turner,SF,29.7,200.66,205,24,61,1.3,1.4,0.85,5.6,0.485,1.7,0.318,0.4,75,2.7,75,2.2,75,64,0.6,0.4,96,,,,
players,C.J.,McCollum,SG,26.8,193.04,200,24,61,1.9,3.1,0.836,12.7,0.465,5.9,0.397,0.7,85,3.3,59,3.4,75,75,1,0.4,99,EX,,,
players,Damian,Lillard,PG,28,190.5,195,24,61,2.8,7.4,0.916,10.8,0.501,8.6,0.361,0.8,95,3.6,55,6.6,75,78,1.1,0.4,89,HH,,,
players,Maurice,Harkless,SF,25.1,203.2,208,24,73,0.7,1,0.712,3,0.547,2,0.415,0.8,70,2,60,0.9,75,71,0.8,0.7,82,,,,
players,Zach,Collins,C,20.6,213.36,230,24,50,0.9,1.2,0.643,4.4,0.455,2.4,0.31,1.4,65,5.4,27,0.8,75,77,0.6,1,60,,,,
players,Seth,Curry,PG,27.9,185.42,180,24,53,1.3,1.4,0.85,5.4,0.528,4.6,0.425,0.4,70,2.2,54,2.7,75,65,1.1,0.1,60,,,,
players,Nik,Stauskas,SG,24.7,200.66,207,24,45,0.6,0.7,0.724,1.8,0.43,2.9,0.4,0.1,65,1.5,35,1,75,69,0.2,0.1,65,,,,
players,Meyers,Leonard,C,26.3,215.9,245,24,63,0.3,0.3,0.818,1.6,0.673,0.8,0.423,0.4,65,1.8,27,0.5,75,66,0.2,0,55,,,,
players,Caleb,Swanigan,PF,22.2,203.2,257,24,77,1.4,1.4,0.667,4.3,0.442,1.6,0.25,1.2,60,3.8,27,2.7,75,72,0.4,0.2,60,,,,
players,Anfernee,Simons,SG,19.1,190.5,185,24,58,3,1.5,0.67,2.5,0.39,2.5,0.31,0.4,55,1.6,47,1.2,75,75,0.7,0.1,73,R,,,
players,Jake,Layman,SF,24.3,205.74,205,24,69,0.3,0.5,0.765,1.1,0.37,1.5,0.267,0.2,50,0.5,36,0.3,75,62,0.3,0.1,62,,,,
players,Wade,Baldwin IV,PG,22.3,193.04,202,24,61,1.2,1.4,0.787,2.3,0.625,0.7,0.259,0.1,50,1,56,0.7,75,66,0.3,0.1,65,,,,
players,Gary,Trent Jr.,SG,19.5,198.12,210,24,59,2,1.3,0.876,2.5,0.38,3.25,0.372,0.4,50,1.7,53,1.4,75,72,0.6,0.05,90,R,,,
,,,,,,,,,,,,,,,,,,,,,,,,,,,,,
// Sacramento Kings,,,,,,,,,,,,,,,,,,,,,,,,,,,,,
,,,,,,,,,,,,,,,,,,,,,,,,,,,,,
players,Willie,Cauley-Stein,C,24.9,213.36,242,25,65,1.5,3.4,0.619,10.4,0.506,0.2,0.25,1.8,75,5.2,40,2.4,75,74,1.1,0.9,89,,,,
players,Marvin,Bagley III,PF,19.3,210.82,235,25,55,2.8,4.3,0.627,8.3,0.571,2.3,0.297,4,80,7.2,59,1.5,75,87,0.8,0.9,80,R,,,
players,Justin,Jackson,SF,23.3,203.2,210,25,41,0.6,1.5,0.722,4.8,0.547,2.7,0.367,0.8,75,2.8,75,1.1,75,77,0.4,0.2,93,,,,
players,Bogdan,Bogdanovic,SG,25.9,198.12,200,25,45,1.6,1.5,0.84,6,0.485,4.2,0.392,0.4,75,2.5,41,3.3,75,72,0.9,0.2,95,,,,
players,De'Aaron,Fox,PG,20.5,195.58,178,25,55,2.4,3.6,0.723,12,0.436,3.6,0.307,0.5,80,2.3,62,5.8,75,85,1,0.3,89,,,,
players,Buddy,Hield,SG,24.5,193.04,215,25,53,1.6,1,0.877,6.6,0.457,5.1,0.431,0.7,80,3.2,60,1.9,75,77,1.1,0.3,98,EX,,,
players,Zach,Randolph,PF,37,205.74,253,25,53,2,1.8,0.785,10.4,0.503,2.5,0.347,1.6,85,5.1,33,2.2,75,55,0.7,0.2,72,,,,
players,Yogi,Ferrell,SG,25.1,182.88,180,25,45,1,1.3,0.796,4.5,0.477,4.4,0.373,0.3,65,2.7,45,2.5,75,67,0.8,0.1,100,,,,
players,Nemanja,Bjelica,PF,30.2,208.28,234,25,57,0.8,0.7,0.8,2.8,0.505,2.7,0.415,0.8,75,3.3,37,1.3,75,63,0.7,0.2,82,,,,
players,Ben,McLemore III,SG,25.4,195.58,195,25,49,1.1,1.1,0.828,3.8,0.477,2.8,0.346,0.6,65,1.9,41,0.9,75,68,0.7,0.3,68,,,,
players,Kosta,Koufos,C,29.4,213.36,265,25,65,0.7,1,0.446,5.5,0.571,0,0,2.1,65,4.5,29,1.2,75,60,0.7,0.5,87,,,,
players,Frank,Mason III,PG,24.2,180.34,190,25,55,1.3,2.2,0.817,5.7,0.41,1.7,0.375,0.6,60,1.9,47,4.2,75,68,0.7,0.2,63,,,,
players,Skal,Labissiere,PF,22.3,210.82,216,25,53,1.2,2,0.805,6.8,0.459,0.9,0.353,1.7,60,3.2,32,1.2,75,71,0.4,0.8,73,,,,
players,Iman,Shumpert,SG,28,195.58,212,25,65,1.1,1.1,0.733,2.3,0.469,1.9,0.269,0.5,65,2.4,32,1.2,75,63,0.6,0.3,45,,,,
players,Harry,Giles,C,20.2,208.28,240,25,77,3,1.8,0.72,6,0.577,0.82,0.3,2.2,60,5,42,1.25,75,76,0.6,1.4,65,R,,,
,,,,,,,,,,,,,,,,,,,,,,,,,,,,,
// San Antonio Spurs,,,,,,,,,,,,,,,,,,,,,,,,,,,,,
,,,,,,,,,,,,,,,,,,,,,,,,,,,,,
players,Pau,Gasol,C,38,213.36,227,26,89,1.4,2.7,0.756,6.6,0.481,1.6,0.358,1.7,85,6.4,32,3.1,75,53,0.3,1,94,HF,,,
players,LaMarcus,Aldridge,PF,33,210.82,240,26,67,1.5,5.3,0.837,16.7,0.526,1.2,0.293,3.3,90,5.2,33,2,75,65,0.6,1.2,91,HH,,,
players,Rudy,Gay,SF,31.9,203.2,230,26,65,1.4,2.5,0.772,7.4,0.516,2.1,0.314,1.3,75,3.8,40,1.3,75,60,0.8,0.7,70,,,,
players,DeMar,DeRozan,SG,28.9,200.66,220,26,61,2.2,7,0.825,14.1,0.493,3.6,0.312,0.7,90,3.2,50,5.2,75,73,1.1,0.3,98,HH,,,
players,Dejounte,Murray,PG,21.8,195.58,170,26,93,1.7,1.8,0.709,7.1,0.454,0.4,0.265,1.4,70,4.3,49,2.9,75,77,1.2,0.4,99,,,,
players,Patty,Mills,PG,29.9,182.88,185,26,61,0.9,1.4,0.89,3.3,0.47,5,0.372,0.3,75,1.6,75,2.8,75,64,0.7,0.1,100,,,,
players,Marco,Belinelli,SG,32.3,195.58,210,26,45,1.2,2,0.908,4.6,0.511,4.9,0.377,0.2,75,1.6,36,1.9,75,59,0.8,0.2,98,EX,,,
players,Manu,Ginobili,SG,40.9,198.12,210,26,69,1.6,2,0.84,4.2,0.506,3,0.333,0.3,80,1.9,36,2.5,75,44,0.7,0.2,79,HF,,,
players,Jakob,Poeltl,C,22.7,215.9,240,26,81,1,1.2,0.594,4.7,0.66,0,0.5,2,70,2.8,31,0.7,75,76,0.5,1.2,100,,,,
players,Bryn,Forbes,PG,25,190.5,190,26,55,0.5,0.9,0.74,3.4,0.446,2.9,0.39,0.2,60,1.2,38,1,75,66,0.4,0,98,,,,
players,Davis,Bertans,PF,25.7,208.28,210,26,63,0.5,0.6,0.816,1.5,0.588,3.3,0.373,0.2,55,1.8,34,1,75,62,0.3,0.4,94,,,,
players,Dante,Cunningham,PF,31.2,203.2,230,26,57,0.8,1.2,0.596,4.5,0.541,3.9,0.345,1.8,60,5.1,33,1.1,75,54,0.9,0.7,89,,,,
players,Brandon,Paul,SG,27.2,193.04,205,26,77,0.5,0.7,0.512,1.1,0.548,0.8,0.278,0.1,45,1,31,0.6,75,54,0.4,0.1,78,,,,
players,Derrick,White,PG,24,193.04,190,26,67,1.6,3.6,0.81,3.6,0.527,2.4,0.412,0.9,40,3.6,30,2.5,75,66,0.6,0.2,63,,,,
players,Lonnie,Walker IV,SG,19.6,193.04,195,26,63,2.4,1.5,0.738,3,0.423,3.7,0.326,0.4,60,1.7,55,1.4,75,77,0.9,0.25,78,R,,,
,,,,,,,,,,,,,,,,,,,,,,,,,,,,,
// Toronto Raptors,,,,,,,,,,,,,,,,,,,,,,,,,,,,,
,,,,,,,,,,,,,,,,,,,,,,,,,,,,,
players,Jonas,Valanciunas,C,26.2,210.82,231,27,85,1.5,2.7,0.806,8,0.587,1,0.405,2.4,80,6.2,31,1.1,75,74,0.4,0.9,94,IH,,,
players,Serge,Ibaka,PF,28.8,208.28,220,27,77,1.2,1.6,0.797,6.4,0.559,3.9,0.36,1,85,5.3,44,0.8,75,71,0.4,1.3,93,IH,,,
players,Kawhi,Leonard,SF,27,200.66,225,27,100,2.1,7.2,0.88,12.5,0.529,5.2,0.38,1.1,95,4.7,50,3.5,75,80,1.8,0.7,70,HF,,,
players,Danny,Green,SG,31,198.12,210,27,81,0.8,0.9,0.769,3.4,0.419,4.6,0.363,0.6,75,3,60,1.6,75,62,1.3,1.3,95,,,,
players,Kyle,Lowry,PG,32.3,182.88,175,27,69,2.3,3.3,0.854,4.5,0.553,7.6,0.399,0.8,90,4.7,62,6.9,75,66,1.1,0.2,95,HH,,,
players,Fred,VanVleet,PG,24.4,180.34,190,27,73,1,1.3,0.832,3.7,0.437,3.4,0.414,0.3,75,2.1,43,3.2,75,75,1.1,0.3,93,,,,
players,OG,Anunoby,SF,21,203.2,235,27,75,0.6,0.8,0.629,2,0.604,2.7,0.371,0.6,70,3.6,65,0.7,75,74,0.7,0.2,80,,,,
players,C.J.,Miles,SF,31.2,198.12,210,27,70,0.6,1.4,0.835,2.1,0.434,6.5,0.361,0.3,80,1.9,55,0.8,75,61,0.8,0.3,90,EX,,,
players,Delon,Wright,PG,26.2,195.58,190,27,77,1.1,1.7,0.829,4,0.52,2.2,0.366,0.7,75,2.2,43,2.9,75,71,1,0.5,84,,,,
players,Pascal,Siakam,PF,24.4,205.74,226,27,77,0.8,1.1,0.621,4.5,0.612,1.6,0.22,1,50,3.5,45,2,75,72,0.8,0.5,77,,,,
players,Norman,Powell,SG,25.1,193.04,215,27,69,0.9,0.6,0.821,2.7,0.516,2.7,0.285,0.2,65,1.5,44,1.3,75,68,0.5,0.2,85,EX,,,
players,Malachi,Richardson,SG,22.5,198.12,199,27,41,0.4,0.8,0.773,1.9,0.422,1.5,0.3,0.2,55,1.1,31,0.5,75,69,0.4,0,64,,,,
players,Lorenzo,Brown,PG,27.9,195.58,195,27,65,2.6,0.5,0.684,5.7,0.466,3.1,0.289,0.3,50,3.6,25,3.4,75,55,1.3,0,55,,,,
players,Alfonzo,McKinnie,SF,25.8,203.2,215,27,65,0.4,0.4,0.667,0.8,0.477,1.2,0.345,0.2,45,0.8,38,0.2,75,57,0.2,0.2,55,,,,
,,,,,,,,,,,,,,,,,,,,,,,,,,,,,
// Utah Jazz,,,,,,,,,,,,,,,,,,,,,,,,,,,,,
,,,,,,,,,,,,,,,,,,,,,,,,,,,,,
players,Rudy,Gobert,C,26,215.9,220,28,100,1.9,5.3,0.682,7.9,0.622,0,0,2.9,85,7.8,35,1.4,75,77,0.8,2.3,68,IH,,,
players,Derrick,Favors,PF,27,208.28,246,28,81,1.1,2.8,0.651,8.3,0.596,0.8,0.222,2.6,75,4.6,34,1.3,75,70,0.7,1.1,94,,,,
players,Joe,Ingles,SF,30.8,203.2,216,28,73,1.9,1,0.795,3.1,0.516,5.7,0.44,0.3,80,3.9,41,4.8,75,64,1.1,0.2,100,IH,,,
players,Donovan,Mitchell,SG,21.8,190.5,210,28,60,2.7,5,0.805,11.5,0.502,8,0.34,0.7,90,3.1,57,3.7,75,87,1.5,0.3,96,EX,,,
players,Ricky,Rubio,PG,27.7,193.04,180,28,85,2.7,3.3,0.866,7.2,0.451,3.5,0.352,0.6,80,4,49,5.3,75,71,1.6,0.1,94,CG,,,
players,Jae,Crowder,SF,28,200.66,240,28,67,0.9,1.9,0.818,4.1,0.488,4.3,0.323,0.7,75,2.7,52,1.2,75,68,0.8,0.3,98,,,,
players,Thabo,Sefolosha,SG,34.2,195.58,215,28,83,0.8,1.4,0.815,4.1,0.551,2.2,0.381,0.8,70,3.5,47,0.9,75,53,1.4,0.3,46,,,,
players,Dante,Exum,PG,23,198.12,196,28,73,1.4,2.2,0.806,4.9,0.536,1.3,0.278,0.3,70,1.6,45,3.1,75,75,0.6,0.2,50,,,,
players,Royce,O'Neale,SF,25.1,198.12,215,28,81,0.8,1.1,0.803,2.4,0.47,1.7,0.356,0.4,65,3.1,41,1.4,75,68,0.5,0.2,84,,,,
players,Alec,Burks,SG,27,198.12,195,28,67,0.9,1.9,0.863,4.3,0.452,2.2,0.331,0.3,65,2.7,41,1,75,65,0.6,0.1,78,,,,
players,Grayson,Allen,SG,22.7,195.58,195,28,61,3,1.7,0.8,2.1,0.423,3.75,0.31,0.5,75,3.8,56,4.2,75,78,0.85,0.1,90,R,,,
players,Raul,Neto,PG,26.1,187.96,172,28,65,0.9,0.9,0.743,2.5,0.481,1.1,0.404,0.2,60,1,34,1.8,75,64,0.3,0.1,75,,,,
players,Ekpe,Udoh,PF,31.1,208.28,245,28,95,0.3,0.9,0.75,1.9,0.75,0,0,1.1,60,1.3,28,0.8,75,54,0.7,1.2,77,,,,
players,Georges,Niang,SF,25.1,198.12,230,28,61,2.29,0.645,0.944,3.395,0.546,1.82,0.392,1.07,55,2.395,44,2.5,75,63,0.93,0.29,65,,,,
players,Tony,Bradley,C,20.5,210.82,249,28,69,0,0.8,0.667,4,0.586,0.4,0,1.6,55,3.2,31,0.4,75,73,0,0.75,65,,,,
,,,,,,,,,,,,,,,,,,,,,,,,,,,,,
// Washington Wizards,,,,,,,,,,,,,,,,,,,,,,,,,,,,,
,,,,,,,,,,,,,,,,,,,,,,,,,,,,,
players,Dwight,Howard,C,32.6,210.82,240,29,81,2.6,7.2,0.574,11.2,0.559,0.1,0.143,3.1,80,9.3,34,1.3,75,61,0.6,1.6,99,,,,
players,Markieff,Morris,PF,28.8,208.28,245,29,65,1.7,1.8,0.82,6.6,0.529,2.8,0.367,1,75,4.6,37,1.9,75,66,0.8,0.5,89,,,,
players,Otto,Porter,SF,25.1,205.74,198,29,69,1,1.7,0.828,7.4,0.537,4.1,0.441,1.3,80,5.1,51,2,75,76,1.5,0.5,94,,,,
players,Bradley,Beal,SG,25,195.58,207,29,57,2.6,4.5,0.793,11.6,0.507,6.5,0.375,0.7,90,3.7,63,4.5,75,81,1.2,0.4,100,EX,,,
players,John,Wall,PG,27.8,193.04,195,29,65,3.9,5.9,0.726,12.2,0.436,4.1,0.371,0.5,95,3.1,87,9.6,75,78,1.4,1.1,70,CG,,,
players,Kelly,Oubre Jr.,SF,22.6,200.66,200,29,61,1.1,2.9,0.82,5.2,0.456,4.6,0.341,0.7,75,3.8,51,1.2,75,78,1,0.4,99,PT,,,
players,Austin,Rivers,SG,25.9,193.04,200,29,45,1.8,2.6,0.642,7.3,0.461,5.9,0.378,0.4,75,1.9,40,4,75,72,1.2,0.3,74,,,,
players,Jeff,Green,SF,31.8,205.74,235,29,45,1,3,0.868,5.7,0.54,2.2,0.312,0.8,80,2.4,70,1.3,75,60,0.9,0.9,95,,,,
players,Ian,Mahinmi,C,31.7,210.82,230,29,69,1.3,1.7,0.703,3.2,0.561,0,0,1.8,65,2.3,29,0.7,75,55,0.5,0.5,94,,,,
players,Tomas,Satoransky,SG,26.7,200.66,205,29,53,1.1,1.3,0.781,3.9,0.544,1.4,0.465,1,60,2.2,40,3.9,75,63,0.7,0.2,89,,,,
players,Jodie,Meeks,SG,30.9,193.04,208,29,50,0.5,1.5,0.863,2.4,0.464,2.7,0.343,0.2,65,1.4,37,0.9,75,57,0.4,0.1,94,,,,
players,Troy,Brown Jr.,SF,18.9,200.66,215,29,65,3,1.5,0.743,4,0.474,1.55,0.241,1,60,3,53,2.7,75,78,0.8,0.1,85,R,,,
players,Jason,Smith,PF,32.3,213.36,240,29,57,0.5,0.6,0.905,2.5,0.494,1,0.332,0.5,65,2.6,28,0.4,75,54,0.1,0.4,60,,,,
players,Thomas,Bryant,C,20.9,208.28,248,29,89,0.26,1.2,0.684,1.46,0.63,1.34,0.25,0.8,55,3.72,31,0.4,75,72,0.14,0.26,50,,,,
players,Devin,Robinson,PF,23.3,203.2,200,29,75,2.2,2.2,0.767,2.8,0.508,1.6,0.259,1.2,60,3.8,56,0.4,75,69,0.8,1.2,60,,,,
,,,,,,,,,,,,,,,,,,,,,,,,,,,,,
// FREE AGENTS,,,,,,,,,,,,,,,,,,,,,,,,,,,,,
,,,,,,,,,,,,,,,,,,,,,,,,,,,,,
players,Quincy,Acy,PF,27.7,200.66,233,-1,57,0.9,0.9,0.817,1,0.384,4.2,0.349,0.6,60,3.1,31,0.8,75,61,0.5,0.4,85,,,,
players,Arron,Afflalo,SG,32.7,195.58,215,-1,65,0.6,1,0.882,3.2,0.446,1.9,0.403,0.1,60,1.6,31,0.9,75,51,0.2,0.1,64,,,,
players,Cole,Aldrich,C,29.7,210.82,245,-1,69,1.1,1.4,0.738,3.8,0.527,0,0,1.4,60,3.4,31,0.8,75,57,0.8,1.1,52,,,,
players,Rawle,Alkins,SG,20,195.58,217,-1,63,1.33,0.665,0.625,4.33,0.343,2.5,0.429,1.67,50,3,47,1.25,75,71,0.65,0.335,56,R,,,
players,Kadeem,Allen,SG,25.5,190.5,200,-1,55,3,1.25,0.778,3.7,0.545,1.3,0.3,1.3,40,2.4,45,2,75,55,1,0.7,60,,,,
players,Ryan,Arcidiacono,SG,24.3,190.5,195,-1,56,1.2,1.2,0.857,3,0.4,1.8,0.444,0.4,50,2.8,32,2.8,75,62,0.8,0,60,,,,
players,Darrell,Arthur,PF,30.3,205.74,225,-1,61,0.8,0.2,0.667,1.3,0.583,1.2,0.348,0.2,60,0.6,36,0.5,75,55,0.4,0.2,50,,,,
players,Jamel,Artis,SF,25.5,200.66,213,-1,41,0.5,0.8,0.583,3.3,0.46,1.9,0.276,0.3,50,2.3,32,1.2,75,60,0.1,0.2,60,,,,
players,Luke,Babbitt,SF,29,205.74,225,-1,41,0.4,0.4,0.773,1.2,0.525,3.1,0.385,0.1,60,1.8,28,0.6,75,58,0.2,0.1,61,,,,
players,Jabari,Bird,SG,24,198.12,198,-1,72,0.6,1,0.579,2.25,0.632,1,0.429,0.75,60,1.5,47,1.6,75,68,0.4,0.1,65,,,,
players,Tarik,Black,PF,26.6,205.74,253,-1,89,0.7,1.2,0.582,2.3,0.638,0.2,0.091,1.2,60,2,26,0.3,75,63,0.4,0.6,62,,,,
players,Isaac,Bonga,SF,18.7,205.74,200,-1,54,2.41,1.34,0.9,1.87,0.485,0.77,0.302,0.83,50,2.56,42,1.15,75,74,1.27,0.49,73,R,,,
players,Trevor,Booker,PF,30.6,203.2,240,-1,65,0.9,1.4,0.71,4.6,0.545,0.5,0.305,1.7,75,3,28,1.2,75,62,0.4,0.3,83,,,,
players,Chris,Boucher,PF,25.5,208.28,200,-1,78,1,1.25,0.9,2.375,0.579,1.375,0.364,1.75,50,3.75,28,1,75,60,0.5,1.625,45,,,,
players,Corey,Brewer,SF,32.3,205.74,185,-1,73,0.7,1.3,0.722,2.9,0.539,1.5,0.282,0.6,65,1.5,41,0.9,75,54,1.1,0.2,88,,,,
players,Aaron,Brooks,PG,33.5,182.88,161,-1,45,0.8,0.5,0.784,2.2,0.429,1.6,0.371,0.3,65,0.6,39,1.5,75,52,0.3,0.1,78,,,,
players,Anthony,Brown,SF,25.7,200.66,215,-1,45,0.5,0.5,0.85,1.9,0.38,2.4,0.286,0.4,50,2.1,42,0.7,75,60,0.5,0.1,60,,,,
players,Markel,Brown,SG,26.5,190.5,190,-1,52,0.8,1.4,0.755,3.1,0.443,1.9,0.31,0.4,55,1.6,47,1.4,75,61,0.6,0.2,60,,,,
players,Dwight,Buycks,PG,29.3,190.5,190,-1,61,1.3,1.4,0.878,5.3,0.438,1.6,0.333,0.4,50,1,36,2,75,52,0.7,0.1,60,,,,
players,Bruno,Caboclo,SF,22.8,205.74,200,-1,57,0.6,1,0.833,2.4,0.429,2.8,0.242,0.6,50,2.6,31,0.8,75,65,0.6,0.6,50,,,,
players,Clint,Capela,C,24.2,210.82,222,-1,88,1.4,3.5,0.56,9.1,0.653,0,0,3.3,85,7.6,42,0.9,75,80,0.8,1.9,90,PT,,,
players,Vince,Carter,SG,41.4,198.12,215,-1,57,0.6,0.6,0.757,2,0.483,2.8,0.345,0.3,85,2.2,32,1.2,75,46,0.7,0.4,71,HF,,,
players,Mario,Chalmers,PG,32.1,185.42,190,-1,57,1.8,2.1,0.855,3.8,0.456,2.9,0.351,0.2,75,2.2,38,3,75,59,1.2,0.2,80,,,,
players,Antonius,Cleveland,SG,24.4,198.12,195,-1,69,0.4,0.4,0.667,2,0.379,1.2,0.275,0.2,40,1,31,0.1,75,57,0.4,0.3,60,,,,
players,Kyle,Collinsworth,PG,26.7,198.12,210,-1,65,0.8,1.3,0.525,2.6,0.415,0.5,0.235,1,50,2.3,29,1.8,75,58,0.5,0.3,60,,,,
players,Pat,Connaughton,SG,25.5,195.58,220,-1,57,0.5,0.5,0.841,2.2,0.506,2.6,0.352,0.4,60,1.5,32,1.1,75,65,0.3,0.3,100,,,,
players,Charles,Cooke,SG,24,195.58,195,-1,65,1,2.4,0.833,4.6,0.478,1.2,0.333,0.8,50,1.2,42,0,75,63,0.8,0.2,40,,,,
players,Jack,Cooley,PF,27.2,205.74,246,-1,45,0.4,2.7,0.737,3.9,0.481,0,0,2,50,2.3,26,0.9,75,57,0.3,0.1,40,,,,
players,Matt,Costello,PF,24.9,205.74,245,-1,58,1.38,1.85,0.667,5.16,0.537,1.38,0.111,2.15,50,4.92,27,1.77,75,61,1,0.85,50,,,,
players,Jamal,Crawford,SG,38.3,198.12,185,-1,33,1.2,1.4,0.903,5.4,0.477,3.9,0.331,0.3,80,1,42,2.3,75,49,0.5,0.1,98,EX,,,
players,Jordan,Crawford,SG,29.7,195.58,195,-1,45,1,0.2,0.826,2.6,0.458,2.8,0.317,0.4,70,0.4,29,2.6,75,62,0.2,0.2,60,,,,
players,Deyonta,Davis,PF,21.6,210.82,237,-1,57,0.5,0.9,0.667,4.3,0.608,0,0,1.2,55,2.8,29,0.6,75,70,0.2,0.6,76,,,,
players,Malcolm,Delaney,PG,29.3,190.5,190,-1,45,1.2,1.7,0.804,3,0.391,2.3,0.371,0.2,65,1.7,35,3,75,60,0.6,0.1,66,,,,
players,Angel,Delgado,C,23.7,208.28,230,-1,60,1.2,2,0.539,5,0.56,0,0,1.8,50,1.3,33,0.7,75,64,0.7,0.2,83,R,,,
players,P.J.,Dozier,PG,21.7,198.12,200,-1,71,1.8,0.71,0.4,5.71,0.501,1.29,0.556,0.43,50,2.71,42,1.71,75,68,1,0.29,60,,,,
players,Jared,Dudley,SF,33,200.66,225,-1,45,0.6,0.7,0.771,0.9,0.452,1.7,0.363,0.2,55,1.8,33,1.6,75,48,0.5,0.2,59,,,,
players,Trevon,Duval,PG,19,190.5,195,-1,65,2.4,1.3,0.692,6,0.367,1.2,0.333,0,50,1.8,53,1.6,75,73,0.6,0.2,90,R,,,
players,Tyler,Ennis,PG,23.9,190.5,182,-1,65,0.7,0.5,0.759,3.1,0.476,1,0.317,0.4,60,1.4,34,1.9,75,68,0.6,0.2,66,,,,
players,Keenan,Evans,PG,21,190.5,183,-1,75,3.8,1.675,0.817,1.825,0.517,1.05,0.32,0.3,50,2.7,47,1.6,75,69,0.55,0.3,88,R,,,
players,Jawun,Evans,PG,21.9,185.42,185,-1,53,0.9,1,0.776,4.1,0.42,1.1,0.3,0.2,50,1.6,41,2.1,75,67,0.8,0.1,65,,,,
players,Kay,Felder,PG,23.3,175.26,177,-1,45,1,0.8,0.754,4.2,0.385,1.7,0.318,0.2,50,0.9,35,2.3,75,64,0.2,0.1,60,,,,
players,Tim,Frazier,PG,27.7,185.42,170,-1,61,1.3,1.3,0.761,3.2,0.444,1.5,0.31,0.4,60,1.9,32,4.3,75,61,0.8,0.1,72,CG,,,
players,Marcus,Georges-Hunt,SG,24.3,195.58,218,-1,33,1,1,0.71,1.6,0.515,0.8,0.294,0.4,50,0.4,36,0.4,75,62,0.2,0,51,,,,
players,Jonathan,Gibson,PG,30.7,187.96,185,-1,53,0.8,0,0.724,2.8,0.459,3,0.368,0.1,50,1.1,40,1.4,75,50,0.4,0,50,,,,
players,Rob,Gray Jr.,PG,24,185.42,185,-1,73,2.8,1.16,0.802,1.88,0.444,1,0.319,0.7,50,1.5,47,2.2,75,63,0.55,0.1,83,R,,,
players,Devon,Hall,SG,23,198.12,205,-1,70,1,1.25,0.894,2.35,0.45,1.95,0.4,0.4,60,2.4,47,1.55,75,70,0.45,0.05,40,R,,,
players,Daniel,Hamilton,SF,22.9,203.2,197,-1,43,3.8,2.4,0.744,6.36,0.349,2.57,0.222,1.07,50,4.57,53,4.86,75,65,0.64,0.07,60,,,,
players,Devin,Harris,PG,35.3,190.5,185,-1,53,1.1,2.4,0.835,3.2,0.476,3.2,0.348,0.2,70,1.6,40,2.1,75,50,0.7,0.2,87,,,,
players,Aaron,Harrison,SG,23.7,198.12,210,-1,57,0.3,1.9,0.765,2.9,0.385,4.8,0.209,0.4,50,2.2,40,1.2,75,64,1,0.2,50,,,,
players,Udonis,Haslem,PF,38.1,203.2,230,-1,53,0.3,0.6,0.588,0.9,0.481,0.4,0.091,0.4,70,1.2,26,0.4,75,45,0.2,0.1,50,HF,,,
players,Nigel,Hayes,PF,23.5,203.2,254,-1,49,0.2,0.3,0.7,2.4,0.412,1.8,0.289,0.4,50,2,32,0.7,75,64,0.4,0.6,50,,,,
players,Reggie,Hearn,PG,26.9,193.04,210,-1,43,1.7,0.5,0.65,0,0.4,4,0.35,0.2,50,2.5,36,1.75,75,57,0.5,0.2,50,,,,
players,Myke,Henry,SF,25.5,198.12,225,-1,69,1,0.5,0.767,2.6,0.431,2.9,0.328,0.5,40,1.4,38,1.1,75,55,1.6,0.3,60,,,,
players,Kevin,Hervey,SF,22,203.2,230,-1,65,3.2,2.1,0.807,4.8,0.472,3.45,0.289,1.5,50,3.1,47,1.1,75,67,0.6,0.3,40,R,,,
players,Isaiah,Hicks,PF,23.9,205.74,220,-1,45,2.4,1.35,0.667,7.5,0.492,1.4,0.222,1.5,50,4.6,33,1.2,75,63,0.3,0.6,60,,,,
players,Tryggvi,Hlinason,C,20,213.36,260,-1,52,0.46,0.68,0.474,1.79,0.69,0,0,1.32,40,2.68,33,0.14,75,66,0.25,0.39,73,R,,,
players,Rodney,Hood,SF,25.7,205.74,208,-1,60,1.2,2.2,0.86,7,0.467,5.6,0.381,0.4,75,2.4,51,1.6,75,72,0.8,0.2,73,,,,
players,Danuel,House,SF,25.1,200.66,215,-1,41,0.5,1.3,0.806,3.1,0.577,2.5,0.259,0.6,55,2.7,44,1.1,75,63,0.3,0.3,56,,,,
players,Josh,Huestis,SF,26.5,200.66,230,-1,61,0.4,0.3,0.286,1,0.419,1.7,0.294,0.6,55,1.7,29,0.3,75,61,0.2,0.6,84,,,,
players,R.J.,Hunter,SG,24.7,198.12,190,-1,57,0.4,0.4,0.889,1.2,0.512,2.8,0.282,0,50,1,42,0.6,75,62,0.6,0.1,55,,,,
players,Andre,Ingram,PG,32.6,190.5,195,-1,49,1.5,1.5,0.847,4,0.375,4.5,0.461,0.5,70,1.25,70,3.5,75,56,0.5,0.5,65,,,,
players,Jarrett,Jack,PG,34.7,190.5,202,-1,41,1.9,1.2,0.84,5.8,0.459,1.4,0.291,0.4,65,2.7,40,5.6,75,49,0.6,0.1,76,,,,
players,Aaron,Jackson,PG,32.2,193.04,185,-1,40,2,2,0.769,2.5,0.4,2,0.25,0.25,50,1,36,1,75,47,0.2,0,60,,,,
players,Demetrius,Jackson,PG,23.8,185.42,194,-1,77,2.25,0.6,0.6,5,0.545,3.2,0.25,0.8,50,1.7,28,3.1,75,63,0.7,0.5,60,,,,
players,Justin,Jackson,SF,21.4,200.66,230,-1,75,3.4,1.3,0.828,2.75,0.393,1.8,0.25,2,50,2.8,45,0.95,75,68,0.4,0.4,54,R,,,
players,Al,Jefferson,C,33.5,208.28,265,-1,51,0.6,1,0.833,5.7,0.541,0.1,0.121,2.2,75,3.1,27,0.8,75,57,0.4,0.6,44,,,,
players,Richard,Jefferson,SF,38,200.66,222,-1,45,0.6,1.2,0.73,1.8,0.571,1.9,0.332,0.3,65,1.9,36,0.9,75,43,0.3,0.1,60,,,,
players,Amile,Jefferson,PF,25.2,205.74,225,-1,74,1,1.9,0.421,5.6,0.411,0,0,3.4,50,4.7,31,0.5,75,61,0.8,0.8,50,R,,,
players,Joe,Johnson,SG,37,203.2,225,-1,61,0.9,0.8,0.889,3.9,0.493,2.6,0.371,0.3,80,2.9,32,1.5,75,52,0.3,0.1,67,HF,,,
players,Omari,Johnson,PF,28.1,205.74,220,-1,51,0.8,0,0.703,2.3,0.556,3,0.333,1,50,1.8,44,1.8,75,55,0.5,0,60,,,,
players,Jalen,Jones,SF,25.1,200.66,220,-1,57,0.4,1.2,0.632,2.6,0.431,1.6,0.385,0.8,50,1.6,34,0.3,75,61,0.3,0.1,60,,,,
players,Sean,Kilpatrick,SG,28.5,193.04,210,-1,45,0.7,1.4,0.889,2.9,0.427,2.8,0.319,0.1,60,1.6,41,0.9,75,59,0.3,0.1,63,,,,
players,George,King,SF,24.5,198.12,24.5,-1,60,3.2,0.9,0.782,1.7,0.444,1.63,0.325,0.9,45,3.05,45,1.1,75,60,0.5,0.35,78,R,,,
players,Shane,Larkin,PG,25.8,180.34,176,-1,63,1.5,1.7,0.865,6.2,0.398,4,0.36,0.7,60,3.6,31,4.6,75,64,1.3,0.1,66,,,,
players,Ty,Lawson,PG,30.7,180.34,195,-1,45,1.9,3.1,0.797,5.9,0.502,1.7,0.288,0.6,70,2,59,4.8,75,60,1.1,0.1,60,CG,,,
players,Walt,Lemon Jr.,PG,26,190.5,180,-1,40,2.33,1.28,0.826,4,0.429,1,0.333,0.33,40,1.22,42,3,75,54,1.22,0.22,60,,,,
players,Shelvin,Mack,PG,29.2,190.5,215,-1,53,1.3,1.4,0.711,4,0.473,2,0.345,0.3,60,2.1,37,3.9,75,58,0.8,0.1,84,,,,
players,Josh,Magette,PG,28.6,185.42,160,-1,45,1.5,1.3,0.8,2,0.584,3.7,0.364,0.15,50,1.4,27,4.75,75,54,1.3,0.2,50,,,,
players,Boban,Marjanovic,C,29.9,220.98,270,-1,81,0.9,2.5,0.794,3.8,0.534,0,0,1.2,70,2.5,26,0.6,75,61,0.3,0.3,60,,,,
players,Patrick,McCaw,SG,22.7,198.12,180,-1,70,0.7,0.6,0.765,3.7,0.503,2.1,0.296,0.3,65,1.2,34,1.4,75,73,0.8,0.2,70,,,,
players,Brandon,McCoy,C,20,213.36,250,-1,68,2.8,1.45,0.725,2.825,0.55,0.075,0.333,1.03,50,2.4,36,0.5,75,71,0.5,0.9,80,R,,,
players,Erik,McCree,SF,24.5,203.2,225,-1,56,1,0,0.734,3.34,0.453,4,0.384,0.67,50,0.67,47,1.33,75,62,0.33,0,50,,,,
players,Chris,McCullough,PF,23.4,208.28,220,-1,65,0.6,1,0.548,3.1,0.47,1.4,0.306,1,50,1.8,42,0.4,75,64,1.2,0.5,60,,,,
players,Chimezie,Metu,C,21.3,208.28,225,-1,68,2.5,1.5,0.73,3.47,0.498,0.4,0.25,1.27,60,3.73,36,0.8,75,73,0.4,0.85,83,R,,,
players,Jordan,Mickey,PF,24,203.2,235,-1,57,0.8,0.8,0.684,2.9,0.561,0.7,0.275,0.8,50,2.8,28,0.4,75,63,0.3,0.4,55,,,,
players,Shake,Milton,PG,21.8,198.12,205,-1,66,2.8,1.25,0.847,1.65,0.412,1.475,0.384,0.6,50,2,47,3.3,75,67,0.7,0.3,54,R,,,
players,Naz,Mitrou-Long,PG,25,193.04,218,-1,66,1.88,0.38,0.714,2.37,0.593,5.25,0.297,0.12,50,3.5,36,1.38,75,61,0.38,0.12,65,,,,
players,Greg,Monroe,C,28.1,210.82,253,-1,57,1.8,2.3,0.739,7.6,0.565,0,0,2.1,75,4.7,29,2.2,75,67,0.9,0.5,62,,,,
players,Ben,Moore,SF,23.1,203.2,205,-1,66,2.4,1.85,0.663,7,0.466,0.1,0.2,1.3,50,2.6,47,1.2,75,65,0.45,0.55,50,,,,
players,Eric,Moreland,PF,26.5,208.28,218,-1,73,0.6,0.4,0.379,1.8,0.541,0,0,1.2,50,2.9,33,1.2,75,58,0.5,0.8,82,,,,
players,Jaylen,Morris,SG,22.8,195.58,185,-1,45,1,0,0.5,3.7,0.5,1.7,0.2,0.3,40,2.3,34,1.2,75,60,0.3,0.2,60,,,,
players,Shabazz,Muhammad,SG,25.6,198.12,225,-1,33,0.7,2.4,0.774,5.8,0.528,1.9,0.338,1.1,65,1.7,44,0.4,75,67,0.3,0.1,52,EX,,,
players,Abdel,Nader,SF,24.8,198.12,230,-1,77,0.7,0.8,0.59,1.8,0.321,1.4,0.354,0.3,40,1.2,33,0.5,75,56,0.3,0.2,59,,,,
players,Jameer,Nelson,PG,36.4,182.88,190,-1,49,2.4,0.7,0.8,4.3,0.45,4.4,0.331,0.5,60,3.2,35,6.4,75,43,1,0.1,61,,,,
players,Malik,Newman,SG,21,190.5,190,-1,47,2,0,0.835,2.75,0.425,2.77,0.365,0.33,55,0.75,47,0.45,75,72,0.33,0,95,R,,,
players,Lucas,Nogueira,C,25.9,213.36,220,-1,93,1.5,1.15,0.663,4.6,0.644,0.35,0.258,2.4,50,5.5,28,1.5,75,59,0.9,1.6,60,,,,
players,David,Nwaba,SG,25.5,193.04,209,-1,71,1.1,2.9,0.655,5.3,0.496,0.7,0.346,1.3,60,3.4,53,1.5,75,65,0.8,0.4,85,,,,
players,Jahlil,Okafor,C,22.6,210.82,270,-1,59,1.4,2.4,0.679,7.8,0.526,0.1,0.25,1.3,65,2.9,28,0.9,75,73,0.3,0.9,55,,,,
players,Marcus,Paige,PG,24.8,185.42,175,-1,41,2.5,0.8,0.825,2.4,0.365,3.2,0.375,0,50,0.8,47,2.4,75,61,0.25,0,60,,,,
players,Georgios,Papagiannis,C,21,218.44,240,-1,69,0.5,0,0.857,2.5,0.521,0,0,0.8,50,1.4,31,0.5,75,69,0.2,0.4,50,,,,
players,Gary,Payton II,PG,25.6,187.96,190,-1,57,0.3,0.4,0.707,2.1,0.607,1.1,0.292,0.6,50,1.3,36,0.9,75,60,0.3,0.1,50,,,,
players,Kendrick,Perkins,C,33.6,208.28,280,-1,53,1.1,0.7,0.444,2,0.532,0,0,0.7,65,2.7,36,0.9,75,51,0.3,0.3,40,,,,
players,Alec,Peters,PF,23.2,205.74,232,-1,33,0.2,0.5,0.8,0.8,0.625,2.9,0.31,0.4,50,1.5,33,0.6,75,65,0.1,0.1,50,,,,
players,Marshall,Plumlee,C,26,215.9,250,-1,53,2.4,2.7,0.571,5.4,0.515,0,0,2.2,50,3.3,31,0.95,75,59,0.3,0.4,40,,,,
players,Alex,Poythress,SF,24.8,200.66,245,-1,57,0.2,0,0.7,1.2,0.467,0.8,0.364,0.6,50,0.8,44,0.2,75,61,0.2,0,60,,,,
players,Rodney,Purvis,SG,24.4,193.04,205,-1,37,0.6,0.9,0.867,3.4,0.4,3.3,0.25,0.1,45,1.6,43,1.1,75,60,0.2,0.2,65,,,,
players,Ivan,Rabb,PF,21.4,210.82,220,-1,57,1,1,0.806,4.2,0.566,0,0,1.5,50,2.9,32,0.9,75,68,0.3,0.4,60,,,,
players,JaKarr,Sampson,SG,25.3,198.12,215,-1,67,0.9,1.4,0.659,3.2,0.515,1.2,0.25,0.6,60,1.9,31,0.8,75,65,0.4,0.5,50,,,,
players,Issuf,Sanon,SG,18.7,193.04,185,-1,74,0.98,0.67,0.467,2.09,0.593,1.93,0.253,0.42,40,1.38,42,1.13,75,69,0.98,0.2,73,R,,,
players,Ramon,Session,PG,32.2,190.5,190,-1,49,1.1,2,0.772,3.3,0.374,0.9,0.308,0.2,60,1.1,31,2.8,75,52,0.5,0.1,68,,,,
players,David,Stockton,PG,27,180.34,165,-1,45,0.3,1.3,0.909,0,0,1,0.424,0.1,45,0.3,36,0.4,75,55,0.1,0,60,,,,
players,Julyan,Stone,SG,29.6,198.12,200,-1,57,0.3,0.1,0.7,0.4,0.581,0.6,0.462,0,50,1.2,36,1.1,75,52,0.2,0.1,56,,,,
players,Isaiah,Taylor,PG,24,190.5,170,-1,41,1.3,2.1,0.702,4.6,0.461,1.2,0.25,0.3,50,1.1,41,3.1,75,63,0.5,0.1,82,,,,
players,Jason,Terry,PG,40.8,187.96,180,-1,40,1.1,0.4,0.889,1.7,0.487,5.1,0.348,0.2,75,1.9,35,2.6,75,42,0.4,0,62,HF,,,
players,Allonzo,Trier,SG,22,195.58,198,-1,44,1.5,3.25,0.846,3.75,0.426,1.375,0.25,0.625,60,2.125,56,1.625,75,72,0.625,0,80,R,,,
players,Tyler,Ulis,PG,22.5,177.8,150,-1,37,1.8,1.4,0.832,5.7,0.425,2.1,0.288,0.3,65,1.5,38,4.4,75,74,1,0.1,87,,,,
players,Noah,Vonleh,PF,22.9,208.28,247,-1,73,1.3,2.4,0.621,6.9,0.474,2.7,0.303,1.9,60,8.9,27,1.4,75,70,0.8,0.7,66,,,,
players,Dwyane,Wade,SG,36.5,193.04,212,-1,61,2.1,2.8,0.767,8.5,0.468,1.7,0.288,0.7,90,3,50,3.4,75,58,0.9,0.7,82,HF,,,
players,Tyrone,Wallace,PG,24.1,195.58,205,-1,60,1.5,2.6,0.782,6.9,0.483,1.3,0.25,0.7,50,2.8,61,2.4,75,63,0.9,0.4,65,,,,
players,Travis,Wear,SF,27.8,208.28,230,-1,61,0.4,0.5,0.824,1.5,0.397,2.8,0.364,0.6,50,2.2,36,0.4,75,55,0.2,0.3,50,,,,
players,James,Webb III,PF,24.9,205.74,202,-1,41,1.2,0,0.7,1.5,0.4,5.7,0.311,2.4,50,4.8,32,1.2,75,61,0.3,0,50,,,,
players,Thomas,Welsh,C,22.4,213.36,255,-1,62,1.7,0.9,0.828,3.35,0.511,1.7,0.347,1.4,50,6,33,0.9,75,66,0.7,0.9,80,R,,,
players,David,West,PF,37.8,205.74,240,-1,85,1.1,1.1,0.759,5.1,0.576,0.1,0.375,0.9,65,2.4,32,1.9,75,43,0.6,1,89,HF,,,
players,Andrew,White,SF,25,200.66,210,-1,45,0.5,0.3,0.75,1.6,0.584,3.3,0.367,0.3,50,2,35,0.4,75,61,0.2,0.1,50,,,,
players,Isaiah,Whitehead,PG,23.3,193.04,210,-1,57,1.5,1.2,0.788,4.3,0.485,1.1,0.389,0.3,50,1.4,36,1.3,75,64,0.5,0.1,65,,,,
players,C.J.,Wilcox,SG,27.5,195.58,201,-1,60,1,2,0.8,1.6,0.5,3.4,0.419,0,50,2,37,1,75,56,0.545,0.27,60,,,,
players,Alan,Williams,PF,25.4,203.2,260,-1,73,0.8,2.3,0.628,5.5,0.511,0,0,1.9,60,4.2,33,0.6,75,65,0.6,0.6,65,,,,
players,C.J.,Williams,SG,28.4,195.58,225,-1,53,0.5,0.4,0.813,3.1,0.546,2.1,0.282,0.3,50,1.2,42,1.1,75,54,0.8,0.3,65,,,,
players,Kenrich,Williams,PF,23,200.66,209,-1,66,1.4,0.4,0.625,4.8,0.419,1.4,0.325,0.8,50,2,47,0.4,75,65,0.6,0.6,78,R,,,
players,Troy,Williams,SF,23.5,200.66,218,-1,69,0.9,1.4,0.667,3.4,0.563,1.8,0.289,1,50,2,49,0.8,75,64,1,0.2,50,,,,
players,Nick,Young,SF,33.1,200.66,200,-1,49,0.5,0.8,0.862,2,0.481,4.1,0.377,0.3,70,1.3,40,0.5,75,55,0.5,0.1,98,SP,,,
players,Joe,Young,SG,26,187.96,180,-1,49,0.5,0.5,0.759,2.3,0.458,1.2,0.379,0.2,50,1,34,0.7,75,59,0.3,0,65,,,,
players,Paul,Zipser,SF,24.4,203.2,210,-1,49,0.8,0.5,0.731,2.3,0.355,2,0.336,0.2,50,2.2,32,0.9,75,62,0.4,0.3,66,,,,
,,,,,,,,,,,,,,,,,,,,,,,,,,,,,
// Rookies,,,,,,,,,,,,,,,,,,,,,,,,,,,,,
,,,,,,,,,,,,,,,,,,,,,,,,,,,,,
Rookies,R.J.,Barrett,SG,18.1,200.66,180,-3,61,2.45,2.83,0.836,11.33,0.505,2.53,0.35,1.67,60,5.75,52,1.86,75,81,0.97,0.48,72,USA,North Carolina,Duke,","
Rookies,Cam,Reddish,SF,18.9,200.66,203,-3,61,2.45,2.83,0.836,12,0.495,4,0.31,1.25,60,4,52,1.86,75,81,0.97,0.48,72,USA,North Carolina,Duke,","
Rookies,Nassir,Little,SF,18.4,200.66,215,-3,61,2.45,4,0.836,9.15,0.525,3.85,0.42,2,60,2.25,55,2.25,75,81,1,0.48,72,USA,North Carolina,North Carolina,","
Rookies,Quentin,Grimes,SG,18.2,198.12,205,-3,61,2.84,2.83,0.836,8,0.457,4,0.35,1.07,54,3.59,62,4.71,75,76,1.02,0.35,71,USA,Kansas,Kansas,","
Rookies,Romeo,Langford,SG,18.7,198.12,195,-3,54,2,2.83,0.706,10.83,0.471,1.93,0.245,1.42,48,4.91,71,1.77,75,66,0.81,0.67,68,USA,Indiana,Indiana,","
Rookies,Zion,Williamson,PF,18,200.66,270,-3,64,2.95,2.41,0.656,12.5,0.478,1.86,0.296,1.97,58.5,5.99,45,1.04,75,74,0.57,1.52,74,USA,North Carolina,Duke,","
Rookies,Ashton,Hagans,PG,19,190.5,180,-3,51,2.95,2.15,0.856,9,0.45,1.5,0.302,1.17,30.5,2.87,91,1.86,75,84,1.1,0.03,83,USA,Kentucky,Kentucky,","
Rookies,Daniel,Gafford,C,19.8,210.82,234,-3,71,2.27,3,0.666,6.5,0.464,2.4,0.359,1.67,25.5,5.87,50,1.77,75,57,0.46,0.16,75,USA,Arkansas,Arkansas,","
Rookies,Sekou,Doumboya,SF,17.6,205.74,210,-3,61,2.47,2.58,0.687,8.03,0.474,4.93,0.359,1.63,42,4.81,72,1.94,75,66,0.57,1.11,71,France,,Poitiers,","
Rookies,P.J.,Washington,SF,19.9,203.2,230,-3,74,1.87,4.16,0.586,9.83,0.519,0.6,0.283,1.87,13.5,5.39,46,2.32,75,65,1.02,1.01,64,USA,Kentucky,Kentucky,","
Rookies,Rui,Hachimura,PF,20.4,203.2,225,-3,62,1.77,1.66,0.776,7.83,0.485,1.4,0.364,1.57,37.5,5.39,46,1.68,75,80,1.37,0.56,68,USA,Washington,Gonzaga,","
Rookies,Keldon,Johnson,SF,18.8,198.12,210,-3,60,2.47,3.75,0.806,9,0.457,2.13,0.24,1.27,19.5,4.19,72,2.96,75,74,1.31,0.13,81,USA,Kentucky,Kentucky,","
Rookies,Bruno,Fernando,C,19.9,208.28,245,-3,50,1.78,2.83,0.706,5.33,0.457,0.13,0.273,1.07,18,3.47,44,1.4,75,47,0.3,0.69,60,USA,Maryland,Maryland,","
Rookies,Immanuel,Quickley,PG,19.1,190.5,180,-3,52,3,2,0.82,6.66,0.438,3.8,0.295,0.65,1,2.76,71,3.67,75,48,1.07,0.21,81,USA,Kentucky,Kentucky,","
Rookies,Louis,King,SF,19.3,200.66,204,-3,46,1.4,2,0.77,4.84,0.432,2.93,0.315,1.25,12,6,47,2.11,75,53,0.34,0.53,81,USA,Oregon,Oregon,","
Rookies,Shareef,O'Neal,C,18.5,208.28,205,-3,60,1.8,3.5,0.806,9.5,0.498,1.8,0.235,1.97,57,6.35,37,1.86,75,61,0.75,1.15,57,USA,California,UCLA,","
Rookies,Kris,Wilkes,SF,19.8,200.66,194,-3,49,2.65,4.08,0.636,9.66,0.471,2,0.221,1.17,22.5,3.35,81,2.05,75,80,1.1,0.24,73,USA,California,UCLA,","
Rookies,Killian,Tillie,SF,20.2,208.28,200,-3,71,2.27,3,0.666,6.5,0.464,2.4,0.359,1.67,25.5,5.87,50,1.77,75,57,0.46,0.16,75,USA,Washington,Gonzaga,","
Rookies,Luka,Samanic,PF,18.5,208.28,210,-3,47,1.16,3.75,0.61,9.17,0.459,1.93,0.286,1.25,46.5,6,32,1.65,75,52,0.61,0.93,53,Spain,,Barcelona 2,","
Rookies,Darius,Garland,PG,18.5,190.5,175,-3,62,1.98,3.34,0.83,8.5,0.459,3.06,0.396,0.95,10,2.76,81,3.67,75,74,1.07,0.27,73,USA,Tennessee,Vanderbilt,","
Rookies,Bol,Bol,C,18.7,218.44,220,-3,77,1.7,2.83,0.676,5.83,0.533,0.33,0.197,2.02,55.5,5.27,41,0.67,75,64,0.46,1.81,61,USA,Oregon,Oregon,","
Rookies,Jaylen,Hoard,SF,19.4,203.2,195,-3,62,1.23,2.08,0.59,5.17,0.486,2.27,0.343,1.95,1,5.76,51,2.66,75,79,1.17,0.51,80,USA,North Carolina,Wake Forest,","
Rookies,Jordan,Brown,PF,18.6,208.28,205,-3,66,1.3,3.08,0.546,11.16,0.553,0.2,0.269,3.57,6.5,6.47,44,1.13,75,83,0.73,2.48,60,USA,Nevada,Nevada,","
Rookies,Tyler,Herro,SG,18.5,195.58,193,-3,73,2.49,2.83,0.696,9.16,0.457,3.2,0.297,1.12,32,3.23,61,2.14,75,68,1.37,0.35,77,USA,Kentucky,Kentucky,","
Rookies,Udoka,Azubuike,C,18.8,213.36,280,-3,75,1.86,3.58,0.666,9.66,0.485,0,0,1.27,16.5,5.27,41,0.13,75,62,0.75,1.75,66,USA,Kansas,Kansas,","
Rookies,De'Andre,Hunter,SF,20.5,203.2,225,-3,61,1.71,1.75,0.716,5.83,0.471,1.93,0.35,0.72,1,2.87,46,1.59,75,55,0.75,0.32,60,USA,Virginia,Virginia,","
Rookies,Devon,Dotson,PG,19,187.96,175,-3,58,2.24,3.08,0.816,4,0.423,4.46,0.364,0.87,16,2.63,70,3.33,75,55,0.73,0.08,78,USA,Kansas,Kansas,","
Rookies,Nazreon,Reid,PF,18.9,208.28,240,-3,61,1.73,1.66,0.816,5.5,0.471,2.13,0.388,0.77,1,3.95,56,3.24,75,66,0.49,0.4,69,USA,Louisiana,LSU,","
Rookies,Jontay,Porter,C,18.7,210.82,240,-3,51,1.67,2.33,0.486,7.33,0.505,0.07,0.15,1.72,28.5,4.67,31,0.39,75,55,0.27,1.12,62,USA,Missouri,Missouri,","
Rookies,Jalen,Smith,PF,18.3,205.74,195,-3,51,2.17,1.47,0.85,4.55,0.462,1.55,0.363,0.95,1.5,3.81,66,3.03,75,64,1.13,0.2,72,USA,Maryland,Maryland,","
Rookies,Tre,Jones,PG,18,187.96,183,-3,60,1.68,1.33,0.76,4.16,0.425,4.47,0.405,0.65,1,2.16,73,3.94,75,36,1.33,0.24,90,USA,North Carolina,Duke,","
Rookies,Kevin,Porter,SF,18.2,195.58,195,-3,68,1.25,1.83,0.76,5,0.452,3.34,0.376,0.95,1,2.64,62,2.75,75,74,0.96,0.64,65,USA,California,USC,","
Rookies,Shamorie,Ponds,PG,20,185.42,174,-3,55,3.42,5.18,0.818,6.16,0.445,4.8,0.353,0.68,5,2.38,80,5.8,75,72,1.6,0.15,92,USA,New York,St. John's,","
Rookies,Tyus,Battle,SG,20.8,198.12,205,-3,54,2.08,3.33,0.749,9.78,0.452,1.33,0.354,1.61,7.5,2.75,74,1.6,75,72,1.05,0.6,62,USA,New York,Syracuse,","
Rookies,Nick,Ward,C,20.9,203.2,250,-3,70,2.43,4.25,0.71,9.84,0.489,0,0,1.57,1,3.87,42,1.54,75,65,0.54,1.23,71,USA,Michigan,Michigan State,","
Rookies,Darius,Bazley,PF,18.1,203.2,195,-3,53,1.09,1.97,0.836,4.91,0.422,4.47,0.342,0.78,12,3.2,65,0.82,75,42,0.86,1.06,67,USA,,G-League,","
Rookies,Tremont,Waters,PG,20.5,180.34,167,-3,45,1.8,1.2,0.807,4.08,0.439,8.17,0.432,0.28,5,1.91,60,4.18,75,46.6,0.86,0.12,75,USA,Louisiana,LSU,","
Rookies,Carsen,Edwards,PG,20.3,185.42,200,-3,61,2,2.33,0.79,6.84,0.432,3.33,0.319,0.8,1,2.52,70,2.94,75,58,1.06,0.16,77,USA,Indiana,Purdue,","
Rookies,Vassilis,Charalampopoulos,SF,18,203.2,236,-3,58,1.04,0.83,0.796,4.5,0.505,2.86,0.412,0.97,13.5,2.63,69,1.04,75,57,0.7,0.19,75,Greece,,Tassos Delimpaltadakis,","
Rookies,Austin,Wiley,C,19.5,210.82,260,-3,51,1.67,2.33,0.486,7.33,0.505,0.07,0.15,1.72,28.5,4.67,31,0.39,75,55,0.27,1.12,62,USA,Alabama,Auburn,","
Rookies,Laurynas,Birutis,C,20.9,215.9,215,-3,70,1.41,2.25,0.63,5.33,0.582,0.2,0.167,1.15,2,5.16,28,1.93,75,43,0.24,1.39,56,Lithuania,,Siauliai,","
Rookies,Reid,Travis,PF,22.6,203.2,245,-3,61,0.99,0.99,0.655,4.56,0.428,2.26,0.317,1.24,1,3.51,41,1.69,75,50,0.33,0.93,64,USA,Kentucky,Kentucky,","
Rookies,Luke,Maye,PF,21.4,203.2,240,-3,46,1.44,1.69,0.717,5.39,0.514,2.16,0.358,1.1,9,3.15,35,0.58,75,58,0.81,0.38,56,USA,North Carolina,North Carolina,","
Rookies,Luguentz,Dort,SG,19.2,195.58,219,-3,58,1.04,0.83,0.796,4.5,0.505,2.86,0.412,0.97,13.5,2.63,69,1.04,75,57,0.7,0.19,75,USA,Arizona,Arizona State,","
Rookies,Karim,Jallow,SF,21.3,200.66,205,-3,49.7,2.84,2.83,0.856,5.83,0.471,1.93,0.283,0.77,3,4.19,54,2.78,75,43.2,1.42,0.4,63,Germany,,Bayern Muenchen,","
Rookies,Brian,Bowen,SF,19.8,200.66,185,-3,63,1.17,2.83,0.556,5.83,0.471,1.93,0.273,1.12,26.5,3.95,70,0.94,75,67,0.83,0.56,76,USA,Kentucky,Louisville,","
Rookies,Jarrett,Culver,SG,19.4,195.58,190,-3,51,1.56,2.5,0.8,8.16,0.486,2.67,0.385,1.15,1,3.6,71,1.28,75,67,0.85,0.19,72,USA,Texas,Texas Tech,","
Rookies,Charles,Matthews,SG,21.7,198.12,190,-3,48,1.62,1.56,0.747,4.71,0.439,3.66,0.4,0.36,1,2.76,71,4.08,75,74,1.12,0.23,91,USA,Michigan,Michigan,","
Rookies,Georgios,Kalaitzakis,SG,19.5,200.66,180,-3,80,1.81,1.87,0.895,4.82,0.427,1.39,0.267,1.2,1,2.86,56,3.47,75,62,1.61,0.85,64,Greece,,Tassos Delimpaltadakis,","
Rookies,Tadas,Sedekerskis,SF,20.5,200.66,212,-3,80,1.03,0.99,0.7,5.16,0.426,3.74,0.343,1.07,3,2.86,72,1.27,75,57,0.76,0.79,82,Lithuania,,Nevezis,","
Rookies,James,Palmer Jr.,SF,22,198.12,210,-3,51,1.05,0.78,0.834,5.27,0.437,1.76,0.341,0.78,6,2.71,78,0.88,75,44,0.54,0.37,84,USA,Nebraska,Nebraska,","
Rookies,Matur,Maker,C,20.5,208.28,200,-3,38,1.27,2.08,0.86,4.67,0.466,2.33,0.367,0.7,2,2.28,34,1.47,75,24,1.01,0.4,58,Canada,,G-League,","
Rookies,Jarrey,Foster,SG,21.6,198.12,220,-3,73,1.14,0.92,0.7,3.67,0.452,3.33,0.367,0.7,3,2.04,54,1.38,75,38,0.77,0.24,63,USA,Texas,SMU,","
Rookies,Goga,Bitadze,C,19,210.82,250,-3,51,0.42,1.66,0.836,6.16,0.485,0.13,0.288,1.57,1,4.79,30,1.13,75,58,0.33,0.69,62,Georgia,,Misko Raznatovic,","
Rookies,Tyler,Cook,PF,20.8,205.74,255,-3,41,2.34,3.58,0.74,7.67,0.396,2.53,0.272,0.48,4,3.88,52,2.79,75,8,0.93,0.29,60,USA,Iowa,Iowa,","
Rookies,Ethan,Happ,PF,22.2,208.28,232,-3,58,1.31,2.09,0.68,6.33,0.534,0.8,0.252,1.3,5,4.2,34,1.28,75,49,0.64,0.83,67,USA,Wisconsin,Wisconsin,","
Rookies,Jaylen,Hands,PG,19.4,190.5,170,-3,48,1.62,1.56,0.747,4.71,0.439,3.66,0.4,0.36,1,2.76,71,4.08,75,74,1.12,0.23,91,USA,California,UCLA,","
Rookies,Quade,Green,PG,20.2,185.42,170,-3,52,3,2,0.82,6.66,0.438,3.8,0.295,0.65,1,2.76,71,3.67,75,48,1.07,0.21,81,USA,Kentucky,Kentucky,","
Rookies,Bennie,Boatwright,SF,22,208.28,230,-3,45,2.03,2.5,0.726,9.33,0.492,0.2,0.235,0.97,20,4.79,31,1.13,75,57,0.62,1.07,65,USA,California,USC,","
Rookies,Jordan,Murphy,SG,21.4,198.12,240,-3,47,1.03,0.66,0.74,2,0.411,6,0.324,0.4,5,1.92,73,1.65,75,42,0.56,0.21,61,USA,Minnesota,"Minnesota,",","
Rookies,Sagaba,Konate,C,20.8,203.2,245,-3,83,1.75,2.17,0.592,7.33,0.512,0.6,0.123,2.02,49.5,5.54,32,1.42,75,73,0.6,2.2,60,USA,West Virginia,West Virginia,","
Rookies,O'Shae,Brissett,SF,20,203.2,210,-3,56,1.99,2.66,0.736,5.83,0.471,2.13,0.321,0.97,31,3.11,70,3.15,75,66,1.26,0.24,72,USA,New York,Syracuse,","
Rookies,Jericho,Sims,PF,19.7,205.74,220,-3,61,3.72,3,0.376,8.33,0.492,0.93,0.254,1.87,15,6.11,61,3.79,75,56,1.23,0.21,70,USA,Texas,Texas,","
Rookies,Kenny,Wooten,C,20.3,205.74,220,-3,56,2.2,2.33,0.716,6.5,0.464,3.46,0.369,1.22,50.5,3.83,47,1.04,75,70,0.97,0.91,73,USA,Oregon,Oregon,","
Rookies,Dewan,Huell,PF,21.6,208.28,220,-3,63,1.81,2.83,0.672,7.32,0.458,1.18,0.288,1.67,4.5,4.25,61,1.42,75,43,0.7,1.1,70,USA,Florida,Miami,","
Rookies,Caleb,Martin,SF,22.8,198.12,195,-3,76,1.3,1.08,0.876,4.33,0.485,2.06,0.373,1.07,18,2.51,54,1.77,75,77,1.34,0.59,74,USA,Nevada,Nevada,","
Rookies,Chase,Jeter,C,20.8,208.28,210,-3,75,1.86,3.58,0.666,7.66,0.485,1,0.25,1.27,16.5,5.27,41,0.13,75,62,0.75,1.75,66,USA,Arizona,Arizona,","
Rookies,Cody,Martin,SF,22.8,198.12,190,-3,46,1.4,2,0.77,4.84,0.432,2.93,0.315,1.25,12,6,47,2.11,75,53,0.34,0.53,81,USA,Nevada,Nevada,","
Rookies,Ky,Bowman,PG,21.1,185.42,185,-3,42,1.98,3.34,0.83,8.5,0.459,6,0.396,0.95,10,2.76,81,3.67,75,74,1.07,0.27,73,USA,Massachusetts,Boston College,","
Rookies,Nickeil,Alexander-Walker,SG,19.9,195.58,210,-3,60,1.73,1.33,0.746,4.33,0.416,3.46,0.335,0.67,45,1.79,76,3.97,75,58,0.91,0.24,80,USA,Virginia,Virginia Tech,","
Rookies,Rob,Edwards,SG,21.5,193.04,206,-3,55,1.53,1.18,0.726,4.18,0.4,3,0.3,0.67,45,1.79,76,3.97,75,58,0.91,0.24,80,USA,Arizona,Arizona State,","
Rookies,Matisse,Thybulle,SG,21.4,195.58,195,-3,50,1.63,1.03,0.706,4.03,0.33,2,0.27,0.67,45,1.79,76,3.97,75,58,0.91,0.24,80,USA,Washington,Washington,","
Rookies,Frank,Howard,PG,21.3,195.58,205,-3,52,3,2,0.82,6.66,0.438,3.8,0.295,0.65,1,2.76,71,3.67,75,48,1.07,0.21,81,USA,New York,Syracuse,","
,,,,,,,,,,,,,,,,,,,,,,,,,,,,,
// Coaches,,,,,,,,,,,,,,,,,,,,,,,,,,,,,
,,,,,,,,,,,,,,,,,,,,,,,,,,,,,
,Team ID,First,Last,Age,Position,Authority,Expectation,Personality,ShotSelection,BallMovement,Rebounding,Defence,Structure,DevShot,DevBallMovement,DevRebounding,DevDefence,DevFitness,FindTalent,FindPotential,Persuasion,Dedication,Desire,Potential,,,,,
Coaches,0,Lloyd,Pierce,42,HC,55,70,60,48,54,41,42,56,74,77,69,78,70,52,60,71,80,8,53,,,,,
Coaches,1,Brad,Stevens,41,HC,90,75,75,77,81,65,75,82,62,76,75,64,57,43,85,78,87,90,90,,,,,
Coaches,2,Kenny,Atkinson,51,HC,45,38,72,54,68,54,56,50,53,85,54,66,50,45,67,63,76,89,86,,,,,
Coaches,3,James,Borrego,40,HC,65,65,60,59,56,64,58,69,53,56,58,64,58,49,52,69,68,41,60,,,,,
Coaches,4,Fred,Hoiberg,45,HC,66,61,70,54,72,79,69,79,55,80,66,80,56,45,37,80,95,38,64,,,,,
Coaches,5,Tyronn,Lue,41,HC,76,71,70,80,73,54,54,78,58,61,52,74,71,68,67,68,73,32,77,,,,,
Coaches,6,Rick,Carlisle,58,HC,68,50,75,50,67,70,63,96,70,60,65,70,60,30,35,80,85,99,72,,,,,
Coaches,7,Mike,Malone,47,HC,65,62,75,79,81,65,50,65,50,65,40,80,75,65,45,80,70,32,75,,,,,
Coaches,8,Dwane,Casey,61,HC,76,74,75,74,59,74,80,88,68,66,64,80,59,32,22,81,78,32,65,,,,,
Coaches,9,Steve,Kerr,52,HC,87,98,81,88,92,65,81,67,94,91,54,66,79,80,68,75,79,88,88,,,,,
Coaches,10,Mike,D'Antoni,67,HC,80,79,65,72,81,65,77,64,63,73,54,36,85,61,65,76,88,47,62,,,,,
Coaches,11,Nate,McMillan,53,HC,67,59,70,75,72,67,77,77,54,75,58,80,58,51,52,74,82,37,60,,,,,
Coaches,12,Doc,Rivers,56,HC,85,74,85,85,72,89,64,85,65,69,73,74,56,44,51,82,90,86,66,,,,,
Coaches,13,Luke,Walton,38,HC,51,37,75,60,67,61,77,63,68,66,64,80,59,32,22,81,78,32,65,,,,,
Coaches,14,J.B.,Bickerstaff,39,HC,72,64,80,72,68,77,70,61,75,54,80,80,50,39,40,80,85,15,60,,,,,
Coaches,15,Eric,Spoelstra,47,HC,81,64,80,65,68,84,80,81,62,64,60,71,74,34,79,85,79,35,78,,,,,
Coaches,16,Mike,Budenholzer,48,HC,68,57,76,61,76,72,77,57,60,68,55,62,41,23,34,67,100,84,75,,,,,
Coaches,17,Tom,Thibodeau,60,HC,79,56,70,77,76,79,74,75,55,80,66,80,56,45,37,80,95,38,68,,,,,
Coaches,18,Alvin,Gentry,63,HC,59,53,85,60,73,84,69,86,73,72,67,79,65,48,43,87,83,77,76,,,,,
Coaches,19,David,Fizdale,44,HC,68,62,65,45,68,65,73,86,63,73,54,36,85,61,65,76,88,47,61,,,,,
Coaches,20,Billy,Donovan,53,HC,72,63,75,62,67,84,72,65,77,73,67,72,58,32,34,76,90,54,67,,,,,
Coaches,21,Steve,Clifford,56,HC,61,61,72,52,74,75,52,100,53,61,80,85,49,55,54,73,80,12,71,,,,,
Coaches,22,Brett,Brown,57,HC,59,41,75,51,76,66,81,48,75,73,66,79,49,66,36,85,95,53,76,,,,,
Coaches,23,Igor,Kokoskov,46,HC,65,38,65,42,41,46,43,48,53,50,49,50,52,75,72,66,67,37,95,,,,,
Coaches,24,Terry,Stotts,60,HC,66,58,80,69,68,71,52,78,75,73,65,62,52,32,36,73,80,58,70,,,,,
Coaches,25,David,Joerger,44,HC,57,47,70,71,72,78,65,69,64,62,75,82,72,34,46,76,74,29,73,,,,,
Coaches,26,Gregg,Popovich,69,HC,92,84,41,79,96,81,74,96,70,57,63,66,36,63,30,89,94,87,45,,,,,
Coaches,27,Nick,Nurse,50,HC,70,64,70,51,58,51,68,89,67,60,53,51,80,74,80,56,72,70,60,,,,,
Coaches,28,Quin,Snyder,51,HC,76,73,70,90,88,67,90,79,67,69,76,81,74,67,50,74,83,99,70,,,,,
Coaches,29,Scott,Brooks,52,HC,74,66,75,85,76,63,84,73,73,66,62,59,67,53,39,74,77,43,86,,,,,
Coaches,0,Greg,Foster,49,AC,55,71,65,56,60,65,74,55,62,51,60,61,90,63,59,68,79,12,75,,,,,
Coaches,1,Jay,Larranaga,43,AC,60,68,70,57,55,68,68,60,60,51,66,77,69,66,62,67,68,4,70,,,,,
Coaches,2,Jacque,Vaughn,43,AC,65,60,70,67,68,63,69,60,67,62,60,63,52,59,57,68,73,64,60,,,,,
Coaches,3,Jay,Triano,59,AC,42,42,65,64,63,47,77,61,62,61,53,58,57,72,69,71,80,47,56,,,,,
Coaches,4,Randy,Brown,50,AC,55,70,55,52,54,63,70,63,62,62,60,66,98,61,60,64,63,74,90,,,,,
Coaches,5,Larry,Drew,60,AC,65,80,55,68,73,60,64,75,53,73,56,63,67,53,59,58,89,38,55,,,,,
Coaches,6,Darrell,Armstrong,50,AC,55,57,65,59,64,48,54,55,52,71,46,55,76,79,53,59,58,53,65,,,,,
Coaches,7,Ray,Bowen,42,AC,55,57,65,59,64,48,54,55,52,71,46,55,76,79,53,59,58,53,65,,,,,
Coaches,8,Tim,Hardaway,51,AC,70,52,80,79,82,62,64,53,81,90,57,67,81,53,67,67,79,48,75,,,,,
Coaches,9,Mike,Brown,48,AC,77,70,65,57,59,63,85,62,67,69,80,82,73,66,66,76,73,75,72,,,,,
Coaches,10,Jeff,Bzdelik,65,AC,80,70,55,72,78,53,53,50,71,72,52,54,68,61,58,53,63,35,55,,,,,
Coaches,11,Popeye,Jones,48,AC,55,64,70,51,44,51,46,89,67,60,53,51,80,74,80,56,72,70,60,,,,,
Coaches,12,Sam,Cassell,48,AC,70,68,75,70,84,53,57,59,70,74,51,62,54,50,54,65,65,58,80,,,,,
Coaches,13,Brian,Shaw,52,AC,80,70,55,72,78,53,53,50,71,72,52,54,68,61,58,53,63,35,55,,,,,
Coaches,14,Chad,Forcier,44,AC,80,70,55,72,78,53,53,50,71,72,52,54,68,61,58,53,63,35,55,,,,,
Coaches,15,Juwaun,Howard,45,AC,60,61,70,53,54,64,54,58,62,67,65,68,73,63,67,75,84,28,90,,,,,
Coaches,16,Darvin,Ham,44,AC,60,64,80,54,78,54,68,54,58,78,52,66,70,72,70,69,79,25,77,,,,,
Coaches,17,Rick,Brunson,46,AC,70,69,70,58,68,53,62,67,73,80,57,64,67,58,67,65,78,69,75,,,,,
Coaches,18,Chris,Finch,48,AC,60,70,75,54,58,49,53,59,77,83,48,69,71,65,62,69,78,67,88,,,,,
Coaches,19,Howard,Eisley,45,AC,60,55,65,54,49,64,58,54,64,52,72,71,68,62,68,62,79,73,64,,,,,
Coaches,20,Maurice,Cheeks,61,AC,60,70,75,54,58,49,53,59,77,83,48,69,71,65,62,69,78,67,88,,,,,
Coaches,21,Tyrone,Corbin,55,AC,75,72,65,53,57,64,56,60,59,63,73,72,69,74,69,62,67,39,68,,,,,
Coaches,22,Jim,O'Brien,66,AC,55,70,60,48,54,41,42,56,74,77,69,78,70,52,60,71,80,8,53,,,,,
Coaches,23,Joe,Prunty,49,AC,65,50,60,57,52,61,71,64,63,59,62,67,66,53,59,74,80,50,80,,,,,
Coaches,24,John,McCullough,61,AC,65,65,65,65,65,65,65,65,65,65,65,65,65,65,65,65,65,65,65,,,,,
Coaches,25,Nancy,Lieberman,60,AC,60,73,70,65,59,67,59,59,80,59,73,68,59,59,69,63,73,83,80,,,,,
Coaches,26,Becky,Hammon,41,AC,65,65,60,59,56,64,58,69,53,56,58,64,58,49,52,69,68,41,60,,,,,
Coaches,27,Adrian,Griffin,44,AC,55,64,70,51,44,51,46,89,67,60,53,51,80,74,80,56,72,70,60,,,,,
Coaches,28,Alex,Jensen,42,AC,65,38,65,42,41,46,43,48,53,50,49,50,52,75,72,66,67,37,95,,,,,
Coaches,29,Robert,Pack,49,AC,70,68,75,70,84,53,57,59,70,74,51,62,54,50,54,65,65,58,80,,,,,
Coaches,-1,Stan,Van Gundy,58,NA,73,56,70,59,68,65,52,96,53,85,60,80,48,46,70,65,75,98,60,,,,,
Coaches,-1,Jason,Kidd,45,NA,84,59,92,84,92,65,66,81,73,91,54,66,50,45,67,63,76,89,84,,,,,
Coaches,-1,Jeff,Hornacek,55,NA,56,48,65,57,70,65,54,76,63,73,54,36,85,61,65,76,88,47,64,,,,,
Coaches,-1,Frank,Vogel,45,NA,54,38,75,50,71,78,54,82,67,69,79,84,65,36,51,86,80,100,73,,,,,
Coaches,-1,Earl,Watson,39,NA,57,57,80,78,71,65,66,56,81,77,69,70,54,43,29,89,80,25,73,,,,,
Coaches,-1,Scott,Skiles,54,NA,62,33,70,61,65,67,71,65,71,68,65,68,50,47,27,68,75,4,70,,,,,
Coaches,-1,Kurt,Rambis,60,NA,62,60,75,58,68,73,68,63,57,61,77,72,69,74,69,67,84,44,70,,,,,
Coaches,-1,Phil,Jackson,72,NA,80,81,95,93,95,83,97,88,61,70,65,82,57,53,54,92,88,27,60,,,,,
Coaches,-1,Jerry,Sloan,76,NA,80,70,75,82,85,85,86,96,65,62,63,65,62,63,64,84,85,86,60,,,,,
Coaches,-1,Doug,Collins,66,NA,70,71,75,70,70,75,70,75,65,67,68,69,73,57,57,86,83,10,60,,,,,
Coaches,-1,Byron,Scott,57,NA,75,82,75,73,69,64,68,73,67,68,61,70,68,64,64,71,75,81,70,,,,,
Coaches,-1,George,Karl,67,NA,70,56,85,82,81,64,61,69,51,70,63,56,68,50,42,79,85,44,60,,,,,
Coaches,-1,Jeff,Van Gundy,56,NA,70,70,70,65,65,68,73,58,61,61,60,64,62,63,62,67,67,37,65,,,,,
Coaches,-1,Michale,Kennison,55,NA,43,47,43,50,61,18,77,44,14,19,73,75,90,64,78,36,70,56,68,,,,,
Coaches,-1,Sammie,Peters,66,NA,29,64,43,62,28,48,44,68,77,34,78,40,29,51,18,66,83,37,76,,,,,
Coaches,-1,Lucien,Casabloy,62,NA,41,50,40,59,75,32,18,43,43,50,53,12,67,30,17,90,40,76,12,,,,,
Coaches,-1,Darren,Brannum,55,NA,21,47,60,55,20,73,64,20,46,67,42,85,10,38,22,60,39,79,61,,,,,
Coaches,-1,Keenan,Coulter,63,NA,60,41,34,63,61,21,34,47,12,77,21,56,56,56,33,78,34,36,43,,,,,
Coaches,-1,Jared,Coots,59,NA,61,55,64,78,16,72,35,61,26,90,84,34,54,25,24,89,10,19,76,,,,,
Coaches,-1,Sean,Braddy,48,NA,61,50,42,53,32,83,62,88,36,68,67,89,32,30,30,17,38,92,67,,,,,
Coaches,-1,Lucien,Rosenfeld,33,NA,70,38,72,44,55,45,51,52,51,30,34,32,51,70,32,53,25,2,17,,,,,
Coaches,-1,Felix,Rocants,30,NA,49,65,40,47,34,89,31,80,40,71,34,72,55,67,86,42,48,14,89,,,,,
Coaches,-1,Tai,Navarette,33,NA,34,42,80,76,39,17,24,65,18,16,35,34,27,34,53,70,32,75,88,,,,,
Coaches,-1,Neil,Fleischmann,61,NA,88,46,18,22,81,44,10,65,11,32,25,76,34,50,90,29,27,18,45,,,,,
Coaches,-1,Deandre,Maclin,43,NA,89,37,45,48,18,60,17,25,57,12,50,63,39,30,42,37,66,45,84,,,,,
Coaches,-1,Jonathan,Edmiston,45,NA,23,55,24,80,86,83,13,32,67,30,18,42,58,58,81,12,85,51,39,,,,,
Coaches,-1,Mose,Jock,39,NA,23,56,25,69,89,66,38,58,13,72,24,50,50,19,19,13,42,57,83,,,,,
Coaches,-1,Irwin,Alvares,30,NA,74,54,61,39,22,26,64,86,74,83,46,70,72,17,53,41,74,14,87,,,,,
Coaches,-1,Andrew,Markert,61,NA,65,52,15,25,29,74,80,75,45,12,39,24,14,34,33,70,56,20,30,,,,,
Coaches,-1,Edwin,Clemens,53,NA,44,60,17,72,83,47,75,77,27,21,90,37,83,54,44,43,46,100,86,,,,,
Coaches,-1,Tobias,Whiang,44,NA,49,64,40,57,70,56,70,75,52,19,24,42,28,89,29,47,43,98,82,,,,,
Coaches,-1,Jose,Corn,53,NA,63,53,52,50,83,66,57,50,38,18,13,41,41,20,56,60,54,5,82,,,,,
Coaches,-1,Andrew,Therrien,43,NA,72,40,66,74,25,30,25,81,58,15,15,16,42,79,51,19,74,24,63,,,,,
Coaches,-1,Otto,Alberto,40,NA,88,74,19,43,81,78,25,78,54,46,75,52,90,41,17,75,38,96,34,,,,,
Coaches,-1,Edison,Southworth,67,NA,90,58,17,80,15,73,51,29,33,60,44,50,59,55,60,78,51,78,79,,,,,
Coaches,-1,Robin,Derrico,55,NA,14,44,73,39,55,81,53,22,59,14,79,73,44,71,68,23,58,26,16,,,,,
Coaches,-1,Mathew,Sistrunk,41,NA,21,57,54,76,55,29,87,20,81,73,61,14,11,74,28,61,86,41,24,,,,,
Coaches,-1,Chris,Michel,41,NA,16,46,66,24,44,24,48,49,10,38,40,25,81,83,75,51,67,2,84,,,,,
Coaches,-1,Lynn,Turberville,66,NA,64,54,75,22,25,90,39,15,88,73,76,55,83,52,48,74,47,22,51,,,,,
Coaches,-1,Jordan,Range,37,NA,47,46,45,56,83,24,61,15,44,87,36,73,82,81,69,13,49,88,59,,,,,
Coaches,-1,Michale,Giglio,35,NA,81,64,38,77,86,65,63,42,54,88,33,40,76,88,87,69,44,36,58,,,,,
Coaches,-1,Robbie,Selleck,56,NA,13,50,65,22,90,81,25,48,82,78,21,21,79,79,51,61,76,68,29,,,,,
Coaches,-1,Chauncy,Nowakowski,55,NA,69,60,72,36,70,58,24,77,62,47,79,49,34,68,61,13,34,49,33,,,,,
Coaches,-1,Israel,Dressler,66,NA,73,61,36,22,50,42,55,90,50,68,21,55,42,34,77,89,69,100,26,,,,,
Coaches,-1,Herb,Guice,31,NA,54,48,88,25,36,67,64,32,32,61,68,23,81,18,77,84,12,45,68,,,,,
Coaches,-1,Esteban,Rencher,42,NA,60,58,26,86,55,63,45,48,80,84,11,51,12,59,35,42,35,56,34,,,,,
Coaches,-1,Mehmet,Schreier,53,NA,16,45,27,41,21,47,48,46,28,62,32,87,35,48,88,40,25,99,30,,,,,
Coaches,-1,Billie,Brokaw,51,NA,75,59,10,19,13,87,20,64,38,11,65,63,54,48,49,82,27,67,79,,,,,
Coaches,-1,Donny,Denis,64,NA,81,41,18,46,13,10,59,15,27,88,68,52,39,34,90,23,52,58,29,,,,,
Coaches,-1,Gene,Jewell,62,NA,24,49,70,45,37,60,32,19,38,78,44,16,35,40,21,71,75,5,52,,,,,
Coaches,-1,Everett,Grosso,48,NA,15,57,89,90,17,81,42,54,15,80,16,59,26,40,35,45,19,31,67,,,,,
Coaches,-1,Caleb,Eastwood,37,NA,29,47,78,46,43,16,13,82,63,26,28,65,65,40,21,33,49,91,34,,,,,
Coaches,-1,Paul,Mutumbo,38,NA,55,59,75,51,49,73,72,53,63,59,71,73,63,72,68,58,74,97,72,,,,,